Latitude;Longitude;Temp;SA;Specific Humidity at 2 Meters;RH;Eff;Output
-0.02869;116.80591;25.9054;4.783;0.019;90.5836;0.0302;0.1444
-0.02869;116.90041;25.9054;4.783;0.019;90.5836;0.0302;0.1444
-0.02869;116.99491;25.9054;4.783;0.019;90.5836;0.0302;0.1444
-0.02869;117.08941;26.7996;4.6922;0.0188;85.2208;0.0339;0.1589
-0.02869;117.18391;26.7996;4.6922;0.0188;85.2208;0.0339;0.1589
-0.02869;117.27841;26.7996;4.6922;0.0188;85.2208;0.0339;0.1589
-0.02869;117.37291;26.7996;4.6922;0.0188;85.2208;0.0339;0.1589
-0.02869;117.46741;26.7996;4.6922;0.0188;85.2208;0.0339;0.1589
-0.02869;117.56191;27.6687;4.6922;0.0188;81.0631;0.0358;0.1681
-0.02869;117.65641;27.6687;4.6922;0.0188;81.0631;0.0358;0.1681
-0.04019;109.86711;26.2978;4.9919;0.0193;90.0822;0.029;0.1447
-0.04019;109.99021;26.2978;4.9919;0.0193;90.0822;0.029;0.1447
-0.04019;110.11331;26.0038;5.0131;0.0192;90.862;0.0293;0.1467
-0.04019;110.23641;26.0038;5.0131;0.0192;90.862;0.0293;0.1467
-0.04019;110.35951;26.0038;5.0131;0.0192;90.862;0.0293;0.1467
-0.04019;110.48261;26.0038;5.0131;0.0192;90.862;0.0293;0.1467
-0.04019;110.60571;25.7079;5.0131;0.019;90.8636;0.0307;0.1542
-0.04019;110.72881;25.7079;5.0131;0.019;90.8636;0.0307;0.1542
-0.04019;110.85191;25.7079;5.0131;0.019;90.8636;0.0307;0.1542
-0.12089;110.55891;25.7079;5.0131;0.019;90.8636;0.0307;0.1542
-0.12089;110.70721;25.7079;5.0131;0.019;90.8636;0.0307;0.1542
-0.12089;110.85551;25.7079;5.0131;0.019;90.8636;0.0307;0.1542
-0.12089;111.00381;25.5778;4.9237;0.0189;90.7051;0.0316;0.1558
-0.12089;111.15211;25.5778;4.9237;0.0189;90.7051;0.0316;0.1558
-0.12089;111.30041;25.5778;4.9237;0.0189;90.7051;0.0316;0.1558
-0.12089;111.44871;25.5778;4.9237;0.0189;90.7051;0.0316;0.1558
-0.12089;111.59701;25.6646;4.9237;0.0189;90.5975;0.0314;0.1545
-0.12089;111.74531;25.6646;4.9237;0.0189;90.5975;0.0314;0.1545
-0.12089;111.89361;25.6646;4.9237;0.0189;90.5975;0.0314;0.1545
-0.12089;112.04191;25.1641;4.8987;0.0186;90.8887;0.0334;0.1638
-0.12089;112.19021;25.1641;4.8987;0.0186;90.8887;0.0334;0.1638
-0.12089;112.33851;25.1641;4.8987;0.0186;90.8887;0.0334;0.1638
-0.12089;112.48681;25.1641;4.8987;0.0186;90.8887;0.0334;0.1638
-0.12089;112.63511;24.4598;4.8987;0.0182;91.2601;0.0364;0.1783
-0.12089;112.78341;24.4598;4.8987;0.0182;91.2601;0.0364;0.1783
-0.12089;112.93171;24.4598;4.8987;0.0182;91.2601;0.0364;0.1783
-0.12089;113.08001;24.0202;4.9441;0.0179;91.5617;0.0381;0.1885
-0.12089;113.22831;24.0202;4.9441;0.0179;91.5617;0.0381;0.1885
-0.12089;113.37661;24.0202;4.9441;0.0179;91.5617;0.0381;0.1885
-0.12089;113.52491;24.3979;4.9441;0.0182;91.805;0.0359;0.1773
-0.12089;113.67321;24.3979;4.9441;0.0182;91.805;0.0359;0.1773
-0.12089;113.82151;24.3979;4.9441;0.0182;91.805;0.0359;0.1773
-0.12089;113.96981;24.3979;4.9441;0.0182;91.805;0.0359;0.1773
-0.12089;114.11811;24.5806;4.963;0.0183;91.6828;0.0351;0.1744
-0.12089;114.26641;24.5806;4.963;0.0183;91.6828;0.0351;0.1744
-0.12089;114.41471;24.5806;4.963;0.0183;91.6828;0.0351;0.1744
-0.12089;114.56301;24.9443;4.963;0.0185;91.6053;0.0334;0.166
-0.12089;114.71131;24.9443;4.963;0.0185;91.6053;0.0334;0.166
-0.12089;114.85961;24.9443;4.963;0.0185;91.6053;0.0334;0.166
-0.12089;115.00791;25.3459;4.9113;0.0188;91.539;0.0315;0.1549
-0.12089;115.15621;25.3459;4.9113;0.0188;91.539;0.0315;0.1549
-0.12089;115.30451;25.3459;4.9113;0.0188;91.539;0.0315;0.1549
-0.12089;115.45281;25.3459;4.9113;0.0188;91.539;0.0315;0.1549
-0.12089;115.60111;25.694;4.9113;0.019;91.3228;0.0301;0.1479
-0.12089;115.74941;25.694;4.9113;0.019;91.3228;0.0301;0.1479
-0.12089;115.89771;25.694;4.9113;0.019;91.3228;0.0301;0.1479
-0.12089;116.04601;25.947;4.783;0.0191;90.6696;0.0298;0.1428
-0.12089;116.19431;25.947;4.783;0.0191;90.6696;0.0298;0.1428
-0.12089;116.34261;25.947;4.783;0.0191;90.6696;0.0298;0.1428
-0.15599;116.80591;25.9054;4.783;0.019;90.5836;0.0302;0.1444
-0.15599;116.90041;25.9054;4.783;0.019;90.5836;0.0302;0.1444
-0.15599;116.99491;25.9054;4.783;0.019;90.5836;0.0302;0.1444
-0.15599;117.08941;26.7996;4.6922;0.0188;85.2208;0.0339;0.1589
-0.15599;117.18391;26.7996;4.6922;0.0188;85.2208;0.0339;0.1589
-0.15599;117.27841;26.7996;4.6922;0.0188;85.2208;0.0339;0.1589
-0.15599;117.37291;26.7996;4.6922;0.0188;85.2208;0.0339;0.1589
-0.15599;117.46741;26.7996;4.6922;0.0188;85.2208;0.0339;0.1589
-0.15599;117.56191;27.6687;4.6922;0.0188;81.0631;0.0358;0.1681
-0.15599;117.65641;27.6687;4.6922;0.0188;81.0631;0.0358;0.1681
-0.17419;109.86711;26.2978;4.9919;0.0193;90.0822;0.029;0.1447
-0.17419;109.99021;26.2978;4.9919;0.0193;90.0822;0.029;0.1447
-0.17419;110.11331;26.0038;5.0131;0.0192;90.862;0.0293;0.1467
-0.17419;110.23641;26.0038;5.0131;0.0192;90.862;0.0293;0.1467
-0.17419;110.35951;26.0038;5.0131;0.0192;90.862;0.0293;0.1467
-0.17419;110.48261;26.0038;5.0131;0.0192;90.862;0.0293;0.1467
-0.17419;110.60571;25.7079;5.0131;0.019;90.8636;0.0307;0.1542
-0.17419;110.72881;25.7079;5.0131;0.019;90.8636;0.0307;0.1542
-0.17419;110.85191;25.7079;5.0131;0.019;90.8636;0.0307;0.1542
-0.17419;110.97501;25.7079;5.0131;0.019;90.8636;0.0307;0.1542
-0.26869;110.55891;25.7079;5.0131;0.019;90.8636;0.0307;0.1542
-0.26869;110.70721;25.7079;5.0131;0.019;90.8636;0.0307;0.1542
-0.26869;110.85551;25.7079;5.0131;0.019;90.8636;0.0307;0.1542
-0.26869;111.00381;25.5778;4.9237;0.0189;90.7051;0.0316;0.1558
-0.26869;111.15211;25.5778;4.9237;0.0189;90.7051;0.0316;0.1558
-0.26869;111.30041;25.5778;4.9237;0.0189;90.7051;0.0316;0.1558
-0.26869;111.44871;25.5778;4.9237;0.0189;90.7051;0.0316;0.1558
-0.26869;111.59701;25.6646;4.9237;0.0189;90.5975;0.0314;0.1545
-0.26869;111.74531;25.6646;4.9237;0.0189;90.5975;0.0314;0.1545
-0.26869;111.89361;25.6646;4.9237;0.0189;90.5975;0.0314;0.1545
-0.26869;112.04191;25.1641;4.8987;0.0186;90.8887;0.0334;0.1638
-0.26869;112.19021;25.1641;4.8987;0.0186;90.8887;0.0334;0.1638
-0.26869;112.33851;25.1641;4.8987;0.0186;90.8887;0.0334;0.1638
-0.26869;112.48681;25.1641;4.8987;0.0186;90.8887;0.0334;0.1638
-0.26869;112.63511;24.4598;4.8987;0.0182;91.2601;0.0364;0.1783
-0.26869;112.78341;24.4598;4.8987;0.0182;91.2601;0.0364;0.1783
-0.26869;112.93171;24.4598;4.8987;0.0182;91.2601;0.0364;0.1783
-0.26869;113.08001;24.0202;4.9441;0.0179;91.5617;0.0381;0.1885
-0.26869;113.22831;24.0202;4.9441;0.0179;91.5617;0.0381;0.1885
-0.26869;113.37661;24.0202;4.9441;0.0179;91.5617;0.0381;0.1885
-0.26869;113.52491;24.3979;4.9441;0.0182;91.805;0.0359;0.1773
-0.26869;113.67321;24.3979;4.9441;0.0182;91.805;0.0359;0.1773
-0.26869;113.82151;24.3979;4.9441;0.0182;91.805;0.0359;0.1773
-0.26869;113.96981;24.3979;4.9441;0.0182;91.805;0.0359;0.1773
-0.26869;114.11811;24.5806;4.963;0.0183;91.6828;0.0351;0.1744
-0.26869;114.26641;24.5806;4.963;0.0183;91.6828;0.0351;0.1744
-0.26869;114.41471;24.5806;4.963;0.0183;91.6828;0.0351;0.1744
-0.26869;114.56301;24.9443;4.963;0.0185;91.6053;0.0334;0.166
-0.26869;114.71131;24.9443;4.963;0.0185;91.6053;0.0334;0.166
-0.26869;114.85961;24.9443;4.963;0.0185;91.6053;0.0334;0.166
-0.26869;115.00791;25.3459;4.9113;0.0188;91.539;0.0315;0.1549
-0.26869;115.15621;25.3459;4.9113;0.0188;91.539;0.0315;0.1549
-0.26869;115.30451;25.3459;4.9113;0.0188;91.539;0.0315;0.1549
-0.26869;115.45281;25.3459;4.9113;0.0188;91.539;0.0315;0.1549
-0.26869;115.60111;25.694;4.9113;0.019;91.3228;0.0301;0.1479
-0.26869;115.74941;25.694;4.9113;0.019;91.3228;0.0301;0.1479
-0.26869;115.89771;25.694;4.9113;0.019;91.3228;0.0301;0.1479
-0.26869;116.04601;25.947;4.783;0.0191;90.6696;0.0298;0.1428
-0.26869;116.19431;25.947;4.783;0.0191;90.6696;0.0298;0.1428
-0.26869;116.34261;25.947;4.783;0.0191;90.6696;0.0298;0.1428
-0.28329;116.80591;25.9054;4.783;0.019;90.5836;0.0302;0.1444
-0.28329;116.90041;25.9054;4.783;0.019;90.5836;0.0302;0.1444
-0.28329;116.99491;25.9054;4.783;0.019;90.5836;0.0302;0.1444
-0.28329;117.08941;26.7996;4.6922;0.0188;85.2208;0.0339;0.1589
-0.28329;117.18391;26.7996;4.6922;0.0188;85.2208;0.0339;0.1589
-0.28329;117.27841;26.7996;4.6922;0.0188;85.2208;0.0339;0.1589
-0.28329;117.37291;26.7996;4.6922;0.0188;85.2208;0.0339;0.1589
-0.28329;117.46741;26.7996;4.6922;0.0188;85.2208;0.0339;0.1589
-0.28329;117.56191;27.6687;4.6922;0.0188;81.0631;0.0358;0.1681
-0.28329;117.65641;27.6687;4.6922;0.0188;81.0631;0.0358;0.1681
-0.30819;109.86711;26.2978;4.9919;0.0193;90.0822;0.029;0.1447
-0.30819;109.99021;26.2978;4.9919;0.0193;90.0822;0.029;0.1447
-0.30819;110.11331;26.0038;5.0131;0.0192;90.862;0.0293;0.1467
-0.30819;110.23641;26.0038;5.0131;0.0192;90.862;0.0293;0.1467
-0.30819;110.35951;26.0038;5.0131;0.0192;90.862;0.0293;0.1467
-0.30819;110.48261;26.0038;5.0131;0.0192;90.862;0.0293;0.1467
-0.30819;110.60571;25.7079;5.0131;0.019;90.8636;0.0307;0.1542
-0.30819;110.72881;25.7079;5.0131;0.019;90.8636;0.0307;0.1542
-0.30819;110.85191;25.7079;5.0131;0.019;90.8636;0.0307;0.1542
-0.30819;110.97501;25.7079;5.0131;0.019;90.8636;0.0307;0.1542
-0.41059;116.80591;25.9054;4.783;0.019;90.5836;0.0302;0.1444
-0.41059;116.90041;25.9054;4.783;0.019;90.5836;0.0302;0.1444
-0.41059;116.99491;25.9054;4.783;0.019;90.5836;0.0302;0.1444
-0.41059;117.08941;26.7996;4.6922;0.0188;85.2208;0.0339;0.1589
-0.41059;117.18391;26.7996;4.6922;0.0188;85.2208;0.0339;0.1589
-0.41059;117.27841;26.7996;4.6922;0.0188;85.2208;0.0339;0.1589
-0.41059;117.37291;26.7996;4.6922;0.0188;85.2208;0.0339;0.1589
-0.41059;117.46741;26.7996;4.6922;0.0188;85.2208;0.0339;0.1589
-0.41059;117.56191;27.6687;4.6922;0.0188;81.0631;0.0358;0.1681
-0.41059;117.65641;27.6687;4.6922;0.0188;81.0631;0.0358;0.1681
-0.41649;110.55891;25.7079;5.0131;0.019;90.8636;0.0307;0.1542
-0.41649;110.70721;25.7079;5.0131;0.019;90.8636;0.0307;0.1542
-0.41649;110.85551;25.7079;5.0131;0.019;90.8636;0.0307;0.1542
-0.41649;111.00381;25.5778;4.9237;0.0189;90.7051;0.0316;0.1558
-0.41649;111.15211;25.5778;4.9237;0.0189;90.7051;0.0316;0.1558
-0.41649;111.30041;25.5778;4.9237;0.0189;90.7051;0.0316;0.1558
-0.41649;111.44871;25.5778;4.9237;0.0189;90.7051;0.0316;0.1558
-0.41649;111.59701;25.6646;4.9237;0.0189;90.5975;0.0314;0.1545
-0.41649;111.74531;25.6646;4.9237;0.0189;90.5975;0.0314;0.1545
-0.41649;111.89361;25.6646;4.9237;0.0189;90.5975;0.0314;0.1545
-0.41649;112.04191;25.1641;4.8987;0.0186;90.8887;0.0334;0.1638
-0.41649;112.19021;25.1641;4.8987;0.0186;90.8887;0.0334;0.1638
-0.41649;112.33851;25.1641;4.8987;0.0186;90.8887;0.0334;0.1638
-0.41649;112.48681;25.1641;4.8987;0.0186;90.8887;0.0334;0.1638
-0.41649;112.63511;24.4598;4.8987;0.0182;91.2601;0.0364;0.1783
-0.41649;112.78341;24.4598;4.8987;0.0182;91.2601;0.0364;0.1783
-0.41649;112.93171;24.4598;4.8987;0.0182;91.2601;0.0364;0.1783
-0.41649;113.08001;24.0202;4.9441;0.0179;91.5617;0.0381;0.1885
-0.41649;113.22831;24.0202;4.9441;0.0179;91.5617;0.0381;0.1885
-0.41649;113.37661;24.0202;4.9441;0.0179;91.5617;0.0381;0.1885
-0.41649;113.52491;24.3979;4.9441;0.0182;91.805;0.0359;0.1773
-0.41649;113.67321;24.3979;4.9441;0.0182;91.805;0.0359;0.1773
-0.41649;113.82151;24.3979;4.9441;0.0182;91.805;0.0359;0.1773
-0.41649;113.96981;24.3979;4.9441;0.0182;91.805;0.0359;0.1773
-0.41649;114.11811;24.5806;4.963;0.0183;91.6828;0.0351;0.1744
-0.41649;114.26641;24.5806;4.963;0.0183;91.6828;0.0351;0.1744
-0.41649;114.41471;24.5806;4.963;0.0183;91.6828;0.0351;0.1744
-0.41649;114.56301;24.9443;4.963;0.0185;91.6053;0.0334;0.166
-0.41649;114.71131;24.9443;4.963;0.0185;91.6053;0.0334;0.166
-0.41649;114.85961;24.9443;4.963;0.0185;91.6053;0.0334;0.166
-0.41649;115.00791;25.3459;4.9113;0.0188;91.539;0.0315;0.1549
-0.41649;115.15621;25.3459;4.9113;0.0188;91.539;0.0315;0.1549
-0.41649;115.30451;25.3459;4.9113;0.0188;91.539;0.0315;0.1549
-0.41649;115.45281;25.3459;4.9113;0.0188;91.539;0.0315;0.1549
-0.41649;115.60111;25.694;4.9113;0.019;91.3228;0.0301;0.1479
-0.41649;115.74941;25.694;4.9113;0.019;91.3228;0.0301;0.1479
-0.41649;115.89771;25.694;4.9113;0.019;91.3228;0.0301;0.1479
-0.41649;116.04601;25.947;4.783;0.0191;90.6696;0.0298;0.1428
-0.41649;116.19431;25.947;4.783;0.0191;90.6696;0.0298;0.1428
-0.41649;116.34261;25.947;4.783;0.0191;90.6696;0.0298;0.1428
-0.44219;109.86711;26.2978;4.9919;0.0193;90.0822;0.029;0.1447
-0.44219;109.99021;26.2978;4.9919;0.0193;90.0822;0.029;0.1447
-0.44219;110.11331;26.0038;5.0131;0.0192;90.862;0.0293;0.1467
-0.44219;110.23641;26.0038;5.0131;0.0192;90.862;0.0293;0.1467
-0.44219;110.35951;26.0038;5.0131;0.0192;90.862;0.0293;0.1467
-0.44219;110.48261;26.0038;5.0131;0.0192;90.862;0.0293;0.1467
-0.44219;110.60571;25.7079;5.0131;0.019;90.8636;0.0307;0.1542
-0.44219;110.72881;25.7079;5.0131;0.019;90.8636;0.0307;0.1542
-0.44219;110.85191;25.7079;5.0131;0.019;90.8636;0.0307;0.1542
-0.44219;110.97501;25.7079;5.0131;0.019;90.8636;0.0307;0.1542
-0.53789;116.80591;25.9766;4.783;0.0188;89.2287;0.0319;0.1525
-0.53789;116.90041;25.9766;4.783;0.0188;89.2287;0.0319;0.1525
-0.53789;116.99491;25.9766;4.783;0.0188;89.2287;0.0319;0.1525
-0.53789;117.08941;27.137;4.6922;0.0187;83.4704;0.0348;0.1634
-0.53789;117.18391;27.137;4.6922;0.0187;83.4704;0.0348;0.1634
-0.53789;117.27841;27.137;4.6922;0.0187;83.4704;0.0348;0.1634
-0.53789;117.37291;27.137;4.6922;0.0187;83.4704;0.0348;0.1634
-0.53789;117.46741;27.137;4.6922;0.0187;83.4704;0.0348;0.1634
-0.53789;117.56191;27.9288;4.6922;0.0188;80.0258;0.0361;0.1694
-0.53789;117.65641;27.9288;4.6922;0.0188;80.0258;0.0361;0.1694
-0.56429;110.55891;25.519;5.0131;0.0188;90.6496;0.032;0.1605
-0.56429;110.70721;25.519;5.0131;0.0188;90.6496;0.032;0.1605
-0.56429;110.85551;25.519;5.0131;0.0188;90.6496;0.032;0.1605
-0.56429;111.00381;25.0462;4.9237;0.0185;90.587;0.0345;0.1698
-0.56429;111.15211;25.0462;4.9237;0.0185;90.587;0.0345;0.1698
-0.56429;111.30041;25.0462;4.9237;0.0185;90.587;0.0345;0.1698
-0.56429;111.44871;25.0462;4.9237;0.0185;90.587;0.0345;0.1698
-0.56429;111.59701;25.2195;4.9237;0.0186;90.4702;0.0338;0.1664
-0.56429;111.74531;25.2195;4.9237;0.0186;90.4702;0.0338;0.1664
-0.56429;111.89361;25.2195;4.9237;0.0186;90.4702;0.0338;0.1664
-0.56429;112.04191;25.0173;4.8987;0.0184;90.7104;0.0344;0.1687
-0.56429;112.19021;25.0173;4.8987;0.0184;90.7104;0.0344;0.1687
-0.56429;112.33851;25.0173;4.8987;0.0184;90.7104;0.0344;0.1687
-0.56429;112.48681;25.0173;4.8987;0.0184;90.7104;0.0344;0.1687
-0.56429;112.63511;24.8009;4.8987;0.0183;90.994;0.0351;0.1719
-0.56429;112.78341;24.8009;4.8987;0.0183;90.994;0.0351;0.1719
-0.56429;112.93171;24.8009;4.8987;0.0183;90.994;0.0351;0.1719
-0.56429;113.08001;24.8282;4.9441;0.0184;91.185;0.0347;0.1714
-0.56429;113.22831;24.8282;4.9441;0.0184;91.185;0.0347;0.1714
-0.56429;113.37661;24.8282;4.9441;0.0184;91.185;0.0347;0.1714
-0.56429;113.52491;25.2528;4.9441;0.0187;91.2927;0.0324;0.1601
-0.56429;113.67321;25.2528;4.9441;0.0187;91.2927;0.0324;0.1601
-0.56429;113.82151;25.2528;4.9441;0.0187;91.2927;0.0324;0.1601
-0.56429;113.96981;25.2528;4.9441;0.0187;91.2927;0.0324;0.1601
-0.56429;114.11811;25.4229;4.963;0.0187;90.7425;0.0324;0.1606
-0.56429;114.26641;25.4229;4.963;0.0187;90.7425;0.0324;0.1606
-0.56429;114.41471;25.4229;4.963;0.0187;90.7425;0.0324;0.1606
-0.56429;114.56301;25.565;4.963;0.0188;90.772;0.0316;0.1568
-0.56429;114.71131;25.565;4.963;0.0188;90.772;0.0316;0.1568
-0.56429;114.85961;25.565;4.963;0.0188;90.772;0.0316;0.1568
-0.56429;115.00791;25.5944;4.9113;0.0188;90.8544;0.0313;0.1539
-0.56429;115.15621;25.5944;4.9113;0.0188;90.8544;0.0313;0.1539
-0.56429;115.30451;25.5944;4.9113;0.0188;90.8544;0.0313;0.1539
-0.56429;115.45281;25.5944;4.9113;0.0188;90.8544;0.0313;0.1539
-0.56429;115.60111;25.5591;4.9113;0.0188;90.6958;0.0317;0.1559
-0.56429;115.74941;25.5591;4.9113;0.0188;90.6958;0.0317;0.1559
-0.56429;115.89771;25.5591;4.9113;0.0188;90.6958;0.0317;0.1559
-0.56429;116.04601;25.6388;4.783;0.0187;90.2336;0.0321;0.1533
-0.56429;116.19431;25.6388;4.783;0.0187;90.2336;0.0321;0.1533
-0.56429;116.34261;25.6388;4.783;0.0187;90.2336;0.0321;0.1533
-0.57619;109.86711;26.5321;4.9919;0.0192;88.6828;0.0299;0.1495
-0.57619;109.99021;26.5321;4.9919;0.0192;88.6828;0.0299;0.1495
-0.57619;110.11331;26.0505;5.0131;0.0191;90.1263;0.0302;0.1512
-0.57619;110.23641;26.0505;5.0131;0.0191;90.1263;0.0302;0.1512
-0.57619;110.35951;26.0505;5.0131;0.0191;90.1263;0.0302;0.1512
-0.57619;110.48261;26.0505;5.0131;0.0191;90.1263;0.0302;0.1512
-0.57619;110.60571;25.519;5.0131;0.0188;90.6496;0.032;0.1605
-0.57619;110.72881;25.519;5.0131;0.0188;90.6496;0.032;0.1605
-0.57619;110.85191;25.519;5.0131;0.0188;90.6496;0.032;0.1605
-0.57619;110.97501;25.519;5.0131;0.0188;90.6496;0.032;0.1605
-0.66519;116.80591;25.9766;4.783;0.0188;89.2287;0.0319;0.1525
-0.66519;116.90041;25.9766;4.783;0.0188;89.2287;0.0319;0.1525
-0.66519;116.99491;25.9766;4.783;0.0188;89.2287;0.0319;0.1525
-0.66519;117.08941;27.137;4.6922;0.0187;83.4704;0.0348;0.1634
-0.66519;117.18391;27.137;4.6922;0.0187;83.4704;0.0348;0.1634
-0.66519;117.27841;27.137;4.6922;0.0187;83.4704;0.0348;0.1634
-0.66519;117.37291;27.137;4.6922;0.0187;83.4704;0.0348;0.1634
-0.66519;117.46741;27.137;4.6922;0.0187;83.4704;0.0348;0.1634
-0.66519;117.56191;27.9288;4.6922;0.0188;80.0258;0.0361;0.1694
-0.66519;117.65641;27.9288;4.6922;0.0188;80.0258;0.0361;0.1694
-0.71019;109.86711;26.5321;4.9919;0.0192;88.6828;0.0299;0.1495
-0.71019;109.99021;26.5321;4.9919;0.0192;88.6828;0.0299;0.1495
-0.71019;110.11331;26.0505;5.0131;0.0191;90.1263;0.0302;0.1512
-0.71019;110.23641;26.0505;5.0131;0.0191;90.1263;0.0302;0.1512
-0.71019;110.35951;26.0505;5.0131;0.0191;90.1263;0.0302;0.1512
-0.71019;110.48261;26.0505;5.0131;0.0191;90.1263;0.0302;0.1512
-0.71019;110.60571;25.519;5.0131;0.0188;90.6496;0.032;0.1605
-0.71019;110.72881;25.519;5.0131;0.0188;90.6496;0.032;0.1605
-0.71019;110.85191;25.519;5.0131;0.0188;90.6496;0.032;0.1605
-0.71019;110.97501;25.519;5.0131;0.0188;90.6496;0.032;0.1605
-0.71209;110.55891;25.519;5.0131;0.0188;90.6496;0.032;0.1605
-0.71209;110.70721;25.519;5.0131;0.0188;90.6496;0.032;0.1605
-0.71209;110.85551;25.519;5.0131;0.0188;90.6496;0.032;0.1605
-0.71209;111.00381;25.0462;4.9237;0.0185;90.587;0.0345;0.1698
-0.71209;111.15211;25.0462;4.9237;0.0185;90.587;0.0345;0.1698
-0.71209;111.30041;25.0462;4.9237;0.0185;90.587;0.0345;0.1698
-0.71209;111.44871;25.0462;4.9237;0.0185;90.587;0.0345;0.1698
-0.71209;111.59701;25.2195;4.9237;0.0186;90.4702;0.0338;0.1664
-0.71209;111.74531;25.2195;4.9237;0.0186;90.4702;0.0338;0.1664
-0.71209;111.89361;25.2195;4.9237;0.0186;90.4702;0.0338;0.1664
-0.71209;112.04191;25.0173;4.8987;0.0184;90.7104;0.0344;0.1687
-0.71209;112.19021;25.0173;4.8987;0.0184;90.7104;0.0344;0.1687
-0.71209;112.33851;25.0173;4.8987;0.0184;90.7104;0.0344;0.1687
-0.71209;112.48681;25.0173;4.8987;0.0184;90.7104;0.0344;0.1687
-0.71209;112.63511;24.8009;4.8987;0.0183;90.994;0.0351;0.1719
-0.71209;112.78341;24.8009;4.8987;0.0183;90.994;0.0351;0.1719
-0.71209;112.93171;24.8009;4.8987;0.0183;90.994;0.0351;0.1719
-0.71209;113.08001;24.8282;4.9441;0.0184;91.185;0.0347;0.1714
-0.71209;113.22831;24.8282;4.9441;0.0184;91.185;0.0347;0.1714
-0.71209;113.37661;24.8282;4.9441;0.0184;91.185;0.0347;0.1714
-0.71209;113.52491;25.2528;4.9441;0.0187;91.2927;0.0324;0.1601
-0.71209;113.67321;25.2528;4.9441;0.0187;91.2927;0.0324;0.1601
-0.71209;113.82151;25.2528;4.9441;0.0187;91.2927;0.0324;0.1601
-0.71209;113.96981;25.2528;4.9441;0.0187;91.2927;0.0324;0.1601
-0.71209;114.11811;25.4229;4.963;0.0187;90.7425;0.0324;0.1606
-0.71209;114.26641;25.4229;4.963;0.0187;90.7425;0.0324;0.1606
-0.71209;114.41471;25.4229;4.963;0.0187;90.7425;0.0324;0.1606
-0.71209;114.56301;25.565;4.963;0.0188;90.772;0.0316;0.1568
-0.71209;114.71131;25.565;4.963;0.0188;90.772;0.0316;0.1568
-0.71209;114.85961;25.565;4.963;0.0188;90.772;0.0316;0.1568
-0.71209;115.00791;25.5944;4.9113;0.0188;90.8544;0.0313;0.1539
-0.71209;115.15621;25.5944;4.9113;0.0188;90.8544;0.0313;0.1539
-0.71209;115.30451;25.5944;4.9113;0.0188;90.8544;0.0313;0.1539
-0.71209;115.45281;25.5944;4.9113;0.0188;90.8544;0.0313;0.1539
-0.71209;115.60111;25.5591;4.9113;0.0188;90.6958;0.0317;0.1559
-0.71209;115.74941;25.5591;4.9113;0.0188;90.6958;0.0317;0.1559
-0.71209;115.89771;25.5591;4.9113;0.0188;90.6958;0.0317;0.1559
-0.71209;116.04601;25.6388;4.783;0.0187;90.2336;0.0321;0.1533
-0.71209;116.19431;25.6388;4.783;0.0187;90.2336;0.0321;0.1533
-0.71209;116.34261;25.6388;4.783;0.0187;90.2336;0.0321;0.1533
-0.79249;116.80591;25.9766;4.783;0.0188;89.2287;0.0319;0.1525
-0.79249;116.90041;25.9766;4.783;0.0188;89.2287;0.0319;0.1525
-0.79249;116.99491;25.9766;4.783;0.0188;89.2287;0.0319;0.1525
-0.79249;117.08941;27.137;4.6922;0.0187;83.4704;0.0348;0.1634
-0.79249;117.18391;27.137;4.6922;0.0187;83.4704;0.0348;0.1634
-0.79249;117.27841;27.137;4.6922;0.0187;83.4704;0.0348;0.1634
-0.79249;117.37291;27.137;4.6922;0.0187;83.4704;0.0348;0.1634
-0.79249;117.46741;27.137;4.6922;0.0187;83.4704;0.0348;0.1634
-0.79249;117.56191;27.9288;4.6922;0.0188;80.0258;0.0361;0.1694
-0.79249;117.65641;27.9288;4.6922;0.0188;80.0258;0.0361;0.1694
-0.84419;109.86711;26.5321;4.9919;0.0192;88.6828;0.0299;0.1495
-0.84419;109.99021;26.5321;4.9919;0.0192;88.6828;0.0299;0.1495
-0.84419;110.11331;26.0505;5.0131;0.0191;90.1263;0.0302;0.1512
-0.84419;110.23641;26.0505;5.0131;0.0191;90.1263;0.0302;0.1512
-0.84419;110.35951;26.0505;5.0131;0.0191;90.1263;0.0302;0.1512
-0.84419;110.48261;26.0505;5.0131;0.0191;90.1263;0.0302;0.1512
-0.84419;110.60571;25.519;5.0131;0.0188;90.6496;0.032;0.1605
-0.84419;110.72881;25.519;5.0131;0.0188;90.6496;0.032;0.1605
-0.84419;110.85191;25.519;5.0131;0.0188;90.6496;0.032;0.1605
-0.84419;110.97501;25.519;5.0131;0.0188;90.6496;0.032;0.1605
-0.85989;110.55891;25.519;5.0131;0.0188;90.6496;0.032;0.1605
-0.85989;110.70721;25.519;5.0131;0.0188;90.6496;0.032;0.1605
-0.85989;110.85551;25.519;5.0131;0.0188;90.6496;0.032;0.1605
-0.85989;111.00381;25.0462;4.9237;0.0185;90.587;0.0345;0.1698
-0.85989;111.15211;25.0462;4.9237;0.0185;90.587;0.0345;0.1698
-0.85989;111.30041;25.0462;4.9237;0.0185;90.587;0.0345;0.1698
-0.85989;111.44871;25.0462;4.9237;0.0185;90.587;0.0345;0.1698
-0.85989;111.59701;25.2195;4.9237;0.0186;90.4702;0.0338;0.1664
-0.85989;111.74531;25.2195;4.9237;0.0186;90.4702;0.0338;0.1664
-0.85989;111.89361;25.2195;4.9237;0.0186;90.4702;0.0338;0.1664
-0.85989;112.04191;25.0173;4.8987;0.0184;90.7104;0.0344;0.1687
-0.85989;112.19021;25.0173;4.8987;0.0184;90.7104;0.0344;0.1687
-0.85989;112.33851;25.0173;4.8987;0.0184;90.7104;0.0344;0.1687
-0.85989;112.48681;25.0173;4.8987;0.0184;90.7104;0.0344;0.1687
-0.85989;112.63511;24.8009;4.8987;0.0183;90.994;0.0351;0.1719
-0.85989;112.78341;24.8009;4.8987;0.0183;90.994;0.0351;0.1719
-0.85989;112.93171;24.8009;4.8987;0.0183;90.994;0.0351;0.1719
-0.85989;113.08001;24.8282;4.9441;0.0184;91.185;0.0347;0.1714
-0.85989;113.22831;24.8282;4.9441;0.0184;91.185;0.0347;0.1714
-0.85989;113.37661;24.8282;4.9441;0.0184;91.185;0.0347;0.1714
-0.85989;113.52491;25.2528;4.9441;0.0187;91.2927;0.0324;0.1601
-0.85989;113.67321;25.2528;4.9441;0.0187;91.2927;0.0324;0.1601
-0.85989;113.82151;25.2528;4.9441;0.0187;91.2927;0.0324;0.1601
-0.85989;113.96981;25.2528;4.9441;0.0187;91.2927;0.0324;0.1601
-0.85989;114.11811;25.4229;4.963;0.0187;90.7425;0.0324;0.1606
-0.85989;114.26641;25.4229;4.963;0.0187;90.7425;0.0324;0.1606
-0.85989;114.41471;25.4229;4.963;0.0187;90.7425;0.0324;0.1606
-0.85989;114.56301;25.565;4.963;0.0188;90.772;0.0316;0.1568
-0.85989;114.71131;25.565;4.963;0.0188;90.772;0.0316;0.1568
-0.85989;114.85961;25.565;4.963;0.0188;90.772;0.0316;0.1568
-0.85989;115.00791;25.5944;4.9113;0.0188;90.8544;0.0313;0.1539
-0.85989;115.15621;25.5944;4.9113;0.0188;90.8544;0.0313;0.1539
-0.85989;115.30451;25.5944;4.9113;0.0188;90.8544;0.0313;0.1539
-0.85989;115.45281;25.5944;4.9113;0.0188;90.8544;0.0313;0.1539
-0.85989;115.60111;25.5591;4.9113;0.0188;90.6958;0.0317;0.1559
-0.85989;115.74941;25.5591;4.9113;0.0188;90.6958;0.0317;0.1559
-0.85989;115.89771;25.5591;4.9113;0.0188;90.6958;0.0317;0.1559
-0.85989;116.04601;25.6388;4.783;0.0187;90.2336;0.0321;0.1533
-0.85989;116.19431;25.6388;4.783;0.0187;90.2336;0.0321;0.1533
-0.85989;116.34261;25.6388;4.783;0.0187;90.2336;0.0321;0.1533
-0.97819;109.86711;26.5321;4.9919;0.0192;88.6828;0.0299;0.1495
-0.97819;109.99021;26.5321;4.9919;0.0192;88.6828;0.0299;0.1495
-0.97819;110.11331;26.0505;5.0131;0.0191;90.1263;0.0302;0.1512
-0.97819;110.23641;26.0505;5.0131;0.0191;90.1263;0.0302;0.1512
-0.97819;110.35951;26.0505;5.0131;0.0191;90.1263;0.0302;0.1512
-0.97819;110.48261;26.0505;5.0131;0.0191;90.1263;0.0302;0.1512
-0.97819;110.60571;25.519;5.0131;0.0188;90.6496;0.032;0.1605
-0.97819;110.72881;25.519;5.0131;0.0188;90.6496;0.032;0.1605
-0.97819;110.85191;25.519;5.0131;0.0188;90.6496;0.032;0.1605
-0.97819;110.97501;25.519;5.0131;0.0188;90.6496;0.032;0.1605
-1.00769;110.55891;25.6053;5.0755;0.0188;90.0744;0.0325;0.1648
-1.00769;110.70721;25.6053;5.0755;0.0188;90.0744;0.0325;0.1648
-1.00769;110.85551;25.6053;5.0755;0.0188;90.0744;0.0325;0.1648
-1.00769;111.00381;25.0831;4.9677;0.0184;90.399;0.0346;0.1718
-1.00769;111.15211;25.0831;4.9677;0.0184;90.399;0.0346;0.1718
-1.00769;111.30041;25.0831;4.9677;0.0184;90.399;0.0346;0.1718
-1.00769;111.44871;25.0831;4.9677;0.0184;90.399;0.0346;0.1718
-1.00769;111.59701;25.2574;4.9677;0.0184;89.4259;0.0352;0.1748
-1.00769;111.74531;25.2574;4.9677;0.0184;89.4259;0.0352;0.1748
-1.00769;111.89361;25.2574;4.9677;0.0184;89.4259;0.0352;0.1748
-1.00769;112.04191;25.5639;5.0457;0.0184;88.2279;0.0355;0.179
-1.00769;112.19021;25.5639;5.0457;0.0184;88.2279;0.0355;0.179
-1.00769;112.33851;25.5639;5.0457;0.0184;88.2279;0.0355;0.179
-1.00769;112.48681;25.5639;5.0457;0.0184;88.2279;0.0355;0.179
-1.00769;112.63511;25.8514;5.0457;0.0185;87.5114;0.0351;0.1772
-1.00769;112.78341;25.8514;5.0457;0.0185;87.5114;0.0351;0.1772
-1.00769;112.93171;25.8514;5.0457;0.0185;87.5114;0.0351;0.1772
-1.00769;113.08001;25.9769;4.9831;0.0187;87.9143;0.0339;0.1688
-1.00769;113.22831;25.9769;4.9831;0.0187;87.9143;0.0339;0.1688
-1.00769;113.37661;25.9769;4.9831;0.0187;87.9143;0.0339;0.1688
-1.00769;113.52491;25.8057;4.9831;0.0189;90.0741;0.0315;0.1568
-1.00769;113.67321;25.8057;4.9831;0.0189;90.0741;0.0315;0.1568
-1.00769;113.82151;25.8057;4.9831;0.0189;90.0741;0.0315;0.1568
-1.00769;113.96981;25.8057;4.9831;0.0189;90.0741;0.0315;0.1568
-1.00769;114.11811;25.9298;4.9639;0.0188;89.2369;0.0321;0.1594
-1.00769;114.26641;25.9298;4.9639;0.0188;89.2369;0.0321;0.1594
-1.00769;114.41471;25.9298;4.9639;0.0188;89.2369;0.0321;0.1594
-1.00769;114.56301;25.9199;4.9639;0.0188;89.5108;0.0317;0.1576
-1.00769;114.71131;25.9199;4.9639;0.0188;89.5108;0.0317;0.1576
-1.00769;114.85961;25.9199;4.9639;0.0188;89.5108;0.0317;0.1576
-1.00769;115.00791;25.5809;4.8041;0.0187;90.0669;0.0326;0.1566
-1.00769;115.15621;25.5809;4.8041;0.0187;90.0669;0.0326;0.1566
-1.00769;115.30451;25.5809;4.8041;0.0187;90.0669;0.0326;0.1566
-1.00769;115.45281;25.5809;4.8041;0.0187;90.0669;0.0326;0.1566
-1.00769;115.60111;25.2133;4.8041;0.0184;90.21;0.0342;0.1644
-1.00769;115.74941;25.2133;4.8041;0.0184;90.21;0.0342;0.1644
-1.00769;115.89771;25.2133;4.8041;0.0184;90.21;0.0342;0.1644
-1.00769;116.04601;25.6115;4.638;0.0186;89.3856;0.0335;0.1553
-1.00769;116.19431;25.6115;4.638;0.0186;89.3856;0.0335;0.1553
-1.00769;116.34261;25.6115;4.638;0.0186;89.3856;0.0335;0.1553
-1.11219;109.86711;26.9448;5.2176;0.0191;86.1791;0.0317;0.1653
-1.11219;109.99021;26.9448;5.2176;0.0191;86.1791;0.0317;0.1653
-1.11219;110.11331;26.2768;5.0755;0.019;88.6218;0.0313;0.1589
-1.11219;110.23641;26.2768;5.0755;0.019;88.6218;0.0313;0.1589
-1.11219;110.35951;26.2768;5.0755;0.019;88.6218;0.0313;0.1589
-1.11219;110.48261;26.2768;5.0755;0.019;88.6218;0.0313;0.1589
-1.11219;110.60571;25.6053;5.0755;0.0188;90.0744;0.0325;0.1648
-1.11219;110.72881;25.6053;5.0755;0.0188;90.0744;0.0325;0.1648
-1.11219;110.85191;25.6053;5.0755;0.0188;90.0744;0.0325;0.1648
-1.11219;110.97501;25.6053;5.0755;0.0188;90.0744;0.0325;0.1648
-1.15549;110.55891;25.6053;5.0755;0.0188;90.0744;0.0325;0.1648
-1.15549;110.70721;25.6053;5.0755;0.0188;90.0744;0.0325;0.1648
-1.15549;110.85551;25.6053;5.0755;0.0188;90.0744;0.0325;0.1648
-1.15549;111.00381;25.0831;4.9677;0.0184;90.399;0.0346;0.1718
-1.15549;111.15211;25.0831;4.9677;0.0184;90.399;0.0346;0.1718
-1.15549;111.30041;25.0831;4.9677;0.0184;90.399;0.0346;0.1718
-1.15549;111.44871;25.0831;4.9677;0.0184;90.399;0.0346;0.1718
-1.15549;111.59701;25.2574;4.9677;0.0184;89.4259;0.0352;0.1748
-1.15549;111.74531;25.2574;4.9677;0.0184;89.4259;0.0352;0.1748
-1.15549;111.89361;25.2574;4.9677;0.0184;89.4259;0.0352;0.1748
-1.15549;112.04191;25.5639;5.0457;0.0184;88.2279;0.0355;0.179
-1.15549;112.19021;25.5639;5.0457;0.0184;88.2279;0.0355;0.179
-1.15549;112.33851;25.5639;5.0457;0.0184;88.2279;0.0355;0.179
-1.15549;112.48681;25.5639;5.0457;0.0184;88.2279;0.0355;0.179
-1.15549;112.63511;25.8514;5.0457;0.0185;87.5114;0.0351;0.1772
-1.15549;112.78341;25.8514;5.0457;0.0185;87.5114;0.0351;0.1772
-1.15549;112.93171;25.8514;5.0457;0.0185;87.5114;0.0351;0.1772
-1.15549;113.08001;25.9769;4.9831;0.0187;87.9143;0.0339;0.1688
-1.15549;113.22831;25.9769;4.9831;0.0187;87.9143;0.0339;0.1688
-1.15549;113.37661;25.9769;4.9831;0.0187;87.9143;0.0339;0.1688
-1.15549;113.52491;25.8057;4.9831;0.0189;90.0741;0.0315;0.1568
-1.15549;113.67321;25.8057;4.9831;0.0189;90.0741;0.0315;0.1568
-1.15549;113.82151;25.8057;4.9831;0.0189;90.0741;0.0315;0.1568
-1.15549;113.96981;25.8057;4.9831;0.0189;90.0741;0.0315;0.1568
-1.15549;114.11811;25.9298;4.9639;0.0188;89.2369;0.0321;0.1594
-1.15549;114.26641;25.9298;4.9639;0.0188;89.2369;0.0321;0.1594
-1.15549;114.41471;25.9298;4.9639;0.0188;89.2369;0.0321;0.1594
-1.15549;114.56301;25.9199;4.9639;0.0188;89.5108;0.0317;0.1576
-1.15549;114.71131;25.9199;4.9639;0.0188;89.5108;0.0317;0.1576
-1.15549;114.85961;25.9199;4.9639;0.0188;89.5108;0.0317;0.1576
-1.15549;115.00791;25.5809;4.8041;0.0187;90.0669;0.0326;0.1566
-1.15549;115.15621;25.5809;4.8041;0.0187;90.0669;0.0326;0.1566
-1.15549;115.30451;25.5809;4.8041;0.0187;90.0669;0.0326;0.1566
-1.15549;115.45281;25.5809;4.8041;0.0187;90.0669;0.0326;0.1566
-1.15549;115.60111;25.2133;4.8041;0.0184;90.21;0.0342;0.1644
-1.15549;115.74941;25.2133;4.8041;0.0184;90.21;0.0342;0.1644
-1.15549;115.89771;25.2133;4.8041;0.0184;90.21;0.0342;0.1644
-1.15549;116.04601;25.6115;4.638;0.0186;89.3856;0.0335;0.1553
-1.15549;116.19431;25.6115;4.638;0.0186;89.3856;0.0335;0.1553
-1.15549;116.34261;25.6115;4.638;0.0186;89.3856;0.0335;0.1553
-1.24619;109.86711;26.9448;5.2176;0.0191;86.1791;0.0317;0.1653
-1.24619;109.99021;26.9448;5.2176;0.0191;86.1791;0.0317;0.1653
-1.24619;110.11331;26.2768;5.0755;0.019;88.6218;0.0313;0.1589
-1.24619;110.23641;26.2768;5.0755;0.019;88.6218;0.0313;0.1589
-1.24619;110.35951;26.2768;5.0755;0.019;88.6218;0.0313;0.1589
-1.24619;110.48261;26.2768;5.0755;0.019;88.6218;0.0313;0.1589
-1.24619;110.60571;25.6053;5.0755;0.0188;90.0744;0.0325;0.1648
-1.24619;110.72881;25.6053;5.0755;0.0188;90.0744;0.0325;0.1648
-1.24619;110.85191;25.6053;5.0755;0.0188;90.0744;0.0325;0.1648
-1.24619;110.97501;25.6053;5.0755;0.0188;90.0744;0.0325;0.1648
-1.30329;110.55891;25.6053;5.0755;0.0188;90.0744;0.0325;0.1648
-1.30329;110.70721;25.6053;5.0755;0.0188;90.0744;0.0325;0.1648
-1.30329;110.85551;25.6053;5.0755;0.0188;90.0744;0.0325;0.1648
-1.30329;111.00381;25.0831;4.9677;0.0184;90.399;0.0346;0.1718
-1.30329;111.15211;25.0831;4.9677;0.0184;90.399;0.0346;0.1718
-1.30329;111.30041;25.0831;4.9677;0.0184;90.399;0.0346;0.1718
-1.30329;111.44871;25.0831;4.9677;0.0184;90.399;0.0346;0.1718
-1.30329;111.59701;25.2574;4.9677;0.0184;89.4259;0.0352;0.1748
-1.30329;111.74531;25.2574;4.9677;0.0184;89.4259;0.0352;0.1748
-1.30329;111.89361;25.2574;4.9677;0.0184;89.4259;0.0352;0.1748
-1.30329;112.04191;25.5639;5.0457;0.0184;88.2279;0.0355;0.179
-1.30329;112.19021;25.5639;5.0457;0.0184;88.2279;0.0355;0.179
-1.30329;112.33851;25.5639;5.0457;0.0184;88.2279;0.0355;0.179
-1.30329;112.48681;25.5639;5.0457;0.0184;88.2279;0.0355;0.179
-1.30329;112.63511;25.8514;5.0457;0.0185;87.5114;0.0351;0.1772
-1.30329;112.78341;25.8514;5.0457;0.0185;87.5114;0.0351;0.1772
-1.30329;112.93171;25.8514;5.0457;0.0185;87.5114;0.0351;0.1772
-1.30329;113.08001;25.9769;4.9831;0.0187;87.9143;0.0339;0.1688
-1.30329;113.22831;25.9769;4.9831;0.0187;87.9143;0.0339;0.1688
-1.30329;113.37661;25.9769;4.9831;0.0187;87.9143;0.0339;0.1688
-1.30329;113.52491;25.8057;4.9831;0.0189;90.0741;0.0315;0.1568
-1.30329;113.67321;25.8057;4.9831;0.0189;90.0741;0.0315;0.1568
-1.30329;113.82151;25.8057;4.9831;0.0189;90.0741;0.0315;0.1568
-1.30329;113.96981;25.8057;4.9831;0.0189;90.0741;0.0315;0.1568
-1.30329;114.11811;25.9298;4.9639;0.0188;89.2369;0.0321;0.1594
-1.30329;114.26641;25.9298;4.9639;0.0188;89.2369;0.0321;0.1594
-1.30329;114.41471;25.9298;4.9639;0.0188;89.2369;0.0321;0.1594
-1.30329;114.56301;25.9199;4.9639;0.0188;89.5108;0.0317;0.1576
-1.30329;114.71131;25.9199;4.9639;0.0188;89.5108;0.0317;0.1576
-1.30329;114.85961;25.9199;4.9639;0.0188;89.5108;0.0317;0.1576
-1.30329;115.00791;25.5809;4.8041;0.0187;90.0669;0.0326;0.1566
-1.30329;115.15621;25.5809;4.8041;0.0187;90.0669;0.0326;0.1566
-1.30329;115.30451;25.5809;4.8041;0.0187;90.0669;0.0326;0.1566
-1.30329;115.45281;25.5809;4.8041;0.0187;90.0669;0.0326;0.1566
-1.30329;115.60111;25.2133;4.8041;0.0184;90.21;0.0342;0.1644
-1.30329;115.74941;25.2133;4.8041;0.0184;90.21;0.0342;0.1644
-1.30329;115.89771;25.2133;4.8041;0.0184;90.21;0.0342;0.1644
-1.30329;116.04601;25.6115;4.638;0.0186;89.3856;0.0335;0.1553
-1.30329;116.19431;25.6115;4.638;0.0186;89.3856;0.0335;0.1553
-1.30329;116.34261;25.6115;4.638;0.0186;89.3856;0.0335;0.1553
-1.45109;110.55891;25.6053;5.0755;0.0188;90.0744;0.0325;0.1648
-1.45109;110.70721;25.6053;5.0755;0.0188;90.0744;0.0325;0.1648
-1.45109;110.85551;25.6053;5.0755;0.0188;90.0744;0.0325;0.1648
-1.45109;111.00381;25.0831;4.9677;0.0184;90.399;0.0346;0.1718
-1.45109;111.15211;25.0831;4.9677;0.0184;90.399;0.0346;0.1718
-1.45109;111.30041;25.0831;4.9677;0.0184;90.399;0.0346;0.1718
-1.45109;111.44871;25.0831;4.9677;0.0184;90.399;0.0346;0.1718
-1.45109;111.59701;25.2574;4.9677;0.0184;89.4259;0.0352;0.1748
-1.45109;111.74531;25.2574;4.9677;0.0184;89.4259;0.0352;0.1748
-1.45109;111.89361;25.2574;4.9677;0.0184;89.4259;0.0352;0.1748
-1.45109;112.04191;25.5639;5.0457;0.0184;88.2279;0.0355;0.179
-1.45109;112.19021;25.5639;5.0457;0.0184;88.2279;0.0355;0.179
-1.45109;112.33851;25.5639;5.0457;0.0184;88.2279;0.0355;0.179
-1.45109;112.48681;25.5639;5.0457;0.0184;88.2279;0.0355;0.179
-1.45109;112.63511;25.8514;5.0457;0.0185;87.5114;0.0351;0.1772
-1.45109;112.78341;25.8514;5.0457;0.0185;87.5114;0.0351;0.1772
-1.45109;112.93171;25.8514;5.0457;0.0185;87.5114;0.0351;0.1772
-1.45109;113.08001;25.9769;4.9831;0.0187;87.9143;0.0339;0.1688
-1.45109;113.22831;25.9769;4.9831;0.0187;87.9143;0.0339;0.1688
-1.45109;113.37661;25.9769;4.9831;0.0187;87.9143;0.0339;0.1688
-1.45109;113.52491;25.8057;4.9831;0.0189;90.0741;0.0315;0.1568
-1.45109;113.67321;25.8057;4.9831;0.0189;90.0741;0.0315;0.1568
-1.45109;113.82151;25.8057;4.9831;0.0189;90.0741;0.0315;0.1568
-1.45109;113.96981;25.8057;4.9831;0.0189;90.0741;0.0315;0.1568
-1.45109;114.11811;25.9298;4.9639;0.0188;89.2369;0.0321;0.1594
-1.45109;114.26641;25.9298;4.9639;0.0188;89.2369;0.0321;0.1594
-1.45109;114.41471;25.9298;4.9639;0.0188;89.2369;0.0321;0.1594
-1.45109;114.56301;25.9199;4.9639;0.0188;89.5108;0.0317;0.1576
-1.45109;114.71131;25.9199;4.9639;0.0188;89.5108;0.0317;0.1576
-1.45109;114.85961;25.9199;4.9639;0.0188;89.5108;0.0317;0.1576
-1.45109;115.00791;25.5809;4.8041;0.0187;90.0669;0.0326;0.1566
-1.45109;115.15621;25.5809;4.8041;0.0187;90.0669;0.0326;0.1566
-1.45109;115.30451;25.5809;4.8041;0.0187;90.0669;0.0326;0.1566
-1.45109;115.45281;25.5809;4.8041;0.0187;90.0669;0.0326;0.1566
-1.45109;115.60111;25.2133;4.8041;0.0184;90.21;0.0342;0.1644
-1.45109;115.74941;25.2133;4.8041;0.0184;90.21;0.0342;0.1644
-1.45109;115.89771;25.2133;4.8041;0.0184;90.21;0.0342;0.1644
-1.45109;116.04601;25.6115;4.638;0.0186;89.3856;0.0335;0.1553
-1.45109;116.19431;25.6115;4.638;0.0186;89.3856;0.0335;0.1553
-1.45109;116.34261;25.6115;4.638;0.0186;89.3856;0.0335;0.1553
-1.59889;110.55891;25.9125;5.0755;0.0188;89.1226;0.0324;0.1643
-1.59889;110.70721;25.9125;5.0755;0.0188;89.1226;0.0324;0.1643
-1.59889;110.85551;25.9125;5.0755;0.0188;89.1226;0.0324;0.1643
-1.59889;111.00381;25.8929;4.9677;0.0186;87.9008;0.0343;0.1705
-1.59889;111.15211;25.8929;4.9677;0.0186;87.9008;0.0343;0.1705
-1.59889;111.30041;25.8929;4.9677;0.0186;87.9008;0.0343;0.1705
-1.59889;111.44871;25.8929;4.9677;0.0186;87.9008;0.0343;0.1705
-1.59889;111.59701;26.0811;4.9677;0.0183;85.6689;0.0368;0.1827
-1.59889;111.74531;26.0811;4.9677;0.0183;85.6689;0.0368;0.1827
-1.59889;111.89361;26.0811;4.9677;0.0183;85.6689;0.0368;0.1827
-1.59889;112.04191;26.5309;5.0457;0.0184;83.7973;0.0374;0.1885
-1.59889;112.19021;26.5309;5.0457;0.0184;83.7973;0.0374;0.1885
-1.59889;112.33851;26.5309;5.0457;0.0184;83.7973;0.0374;0.1885
-1.59889;112.48681;26.5309;5.0457;0.0184;83.7973;0.0374;0.1885
-1.59889;112.63511;26.8964;5.0457;0.0185;82.9015;0.0369;0.1862
-1.59889;112.78341;26.8964;5.0457;0.0185;82.9015;0.0369;0.1862
-1.59889;112.93171;26.8964;5.0457;0.0185;82.9015;0.0369;0.1862
-1.59889;113.08001;26.8596;4.9831;0.0186;84.0255;0.0354;0.1763
-1.59889;113.22831;26.8596;4.9831;0.0186;84.0255;0.0354;0.1763
-1.59889;113.37661;26.8596;4.9831;0.0186;84.0255;0.0354;0.1763
-1.59889;113.52491;26.1305;4.9831;0.0189;88.8957;0.0316;0.1576
-1.59889;113.67321;26.1305;4.9831;0.0189;88.8957;0.0316;0.1576
-1.59889;113.82151;26.1305;4.9831;0.0189;88.8957;0.0316;0.1576
-1.59889;113.96981;26.1305;4.9831;0.0189;88.8957;0.0316;0.1576
-1.59889;114.11811;26.1832;4.9639;0.0188;88.4401;0.0321;0.1591
-1.59889;114.26641;26.1832;4.9639;0.0188;88.4401;0.0321;0.1591
-1.59889;114.41471;26.1832;4.9639;0.0188;88.4401;0.0321;0.1591
-1.59889;114.56301;26.1234;4.9639;0.0188;88.742;0.0319;0.1583
-1.59889;114.71131;26.1234;4.9639;0.0188;88.742;0.0319;0.1583
-1.59889;114.85961;26.1234;4.9639;0.0188;88.742;0.0319;0.1583
-1.59889;115.00791;25.6622;4.8041;0.0186;89.5349;0.033;0.1585
-1.59889;115.15621;25.6622;4.8041;0.0186;89.5349;0.033;0.1585
-1.59889;115.30451;25.6622;4.8041;0.0186;89.5349;0.033;0.1585
-1.59889;115.45281;25.6622;4.8041;0.0186;89.5349;0.033;0.1585
-1.59889;115.60111;25.2473;4.8041;0.0184;89.9083;0.0345;0.1658
-1.59889;115.74941;25.2473;4.8041;0.0184;89.9083;0.0345;0.1658
-1.59889;115.89771;25.2473;4.8041;0.0184;89.9083;0.0345;0.1658
-1.59889;116.04601;26.0621;4.638;0.0187;88.2795;0.0329;0.1526
-1.59889;116.19431;26.0621;4.638;0.0187;88.2795;0.0329;0.1526
-1.59889;116.34261;26.0621;4.638;0.0187;88.2795;0.0329;0.1526
-1.59889;116.49091;26.0621;4.638;0.0187;88.2795;0.0329;0.1526
-1.59889;116.63921;27.3716;4.638;0.0188;82.5965;0.035;0.1622
-1.59889;116.78751;27.3716;4.638;0.0188;82.5965;0.035;0.1622
-1.59889;116.93581;27.3716;4.638;0.0188;82.5965;0.035;0.1622
-1.59889;117.08411;27.8726;4.9935;0.0188;80.5758;0.0355;0.1775
-1.59889;117.23241;27.8726;4.9935;0.0188;80.5758;0.0355;0.1775
-1.59889;117.38071;27.8726;4.9935;0.0188;80.5758;0.0355;0.1775
-1.59889;117.52901;28.0111;4.9935;0.0189;79.996;0.0357;0.1784
-1.59889;117.67731;28.0111;4.9935;0.0189;79.996;0.0357;0.1784
-1.59889;117.82561;28.0111;4.9935;0.0189;79.996;0.0357;0.1784
-1.59889;117.97391;28.0111;4.9935;0.0189;79.996;0.0357;0.1784
-1.59889;118.12221;28.0497;5.3105;0.0188;79.621;0.0361;0.1917
-1.59889;118.27051;28.0497;5.3105;0.0188;79.621;0.0361;0.1917
-1.74669;112.48681;26.5309;5.0457;0.0184;83.7973;0.0374;0.1885
-1.74669;112.63511;26.8964;5.0457;0.0185;82.9015;0.0369;0.1862
-1.74669;112.78341;26.8964;5.0457;0.0185;82.9015;0.0369;0.1862
-1.74669;112.93171;26.8964;5.0457;0.0185;82.9015;0.0369;0.1862
-1.74669;113.08001;26.8596;4.9831;0.0186;84.0255;0.0354;0.1763
-1.74669;113.22831;26.8596;4.9831;0.0186;84.0255;0.0354;0.1763
-1.74669;113.37661;26.8596;4.9831;0.0186;84.0255;0.0354;0.1763
-1.74669;113.52491;26.1305;4.9831;0.0189;88.8957;0.0316;0.1576
-1.74669;113.67321;26.1305;4.9831;0.0189;88.8957;0.0316;0.1576
-1.74669;113.82151;26.1305;4.9831;0.0189;88.8957;0.0316;0.1576
-1.74669;113.96981;26.1305;4.9831;0.0189;88.8957;0.0316;0.1576
-1.74669;114.11811;26.1832;4.9639;0.0188;88.4401;0.0321;0.1591
-1.74669;114.26641;26.1832;4.9639;0.0188;88.4401;0.0321;0.1591
-1.74669;114.41471;26.1832;4.9639;0.0188;88.4401;0.0321;0.1591
-1.74669;114.56301;26.1234;4.9639;0.0188;88.742;0.0319;0.1583
-1.74669;114.71131;26.1234;4.9639;0.0188;88.742;0.0319;0.1583
-1.74669;114.85961;26.1234;4.9639;0.0188;88.742;0.0319;0.1583
-1.74669;115.00791;25.6622;4.8041;0.0186;89.5349;0.033;0.1585
-1.74669;115.15621;25.6622;4.8041;0.0186;89.5349;0.033;0.1585
-1.74669;115.30451;25.6622;4.8041;0.0186;89.5349;0.033;0.1585
-1.74669;115.45281;25.6622;4.8041;0.0186;89.5349;0.033;0.1585
-1.74669;115.60111;25.2473;4.8041;0.0184;89.9083;0.0345;0.1658
-1.74669;115.74941;25.2473;4.8041;0.0184;89.9083;0.0345;0.1658
-1.74669;115.89771;25.2473;4.8041;0.0184;89.9083;0.0345;0.1658
-1.74669;116.04601;26.0621;4.638;0.0187;88.2795;0.0329;0.1526
-1.74669;116.19431;26.0621;4.638;0.0187;88.2795;0.0329;0.1526
-1.74669;116.34261;26.0621;4.638;0.0187;88.2795;0.0329;0.1526
-1.74669;116.49091;26.0621;4.638;0.0187;88.2795;0.0329;0.1526
-1.74669;116.63921;27.3716;4.638;0.0188;82.5965;0.035;0.1622
-1.74669;116.78751;27.3716;4.638;0.0188;82.5965;0.035;0.1622
-1.74669;116.93581;27.3716;4.638;0.0188;82.5965;0.035;0.1622
-1.74669;118.27051;28.0497;5.3105;0.0188;79.621;0.0361;0.1917
-1.89449;112.48681;26.5309;5.0457;0.0184;83.7973;0.0374;0.1885
-1.89449;112.63511;26.8964;5.0457;0.0185;82.9015;0.0369;0.1862
-1.89449;112.78341;26.8964;5.0457;0.0185;82.9015;0.0369;0.1862
-1.89449;112.93171;26.8964;5.0457;0.0185;82.9015;0.0369;0.1862
-1.89449;113.08001;26.8596;4.9831;0.0186;84.0255;0.0354;0.1763
-1.89449;113.22831;26.8596;4.9831;0.0186;84.0255;0.0354;0.1763
-1.89449;113.37661;26.8596;4.9831;0.0186;84.0255;0.0354;0.1763
-1.89449;113.52491;26.1305;4.9831;0.0189;88.8957;0.0316;0.1576
-1.89449;113.67321;26.1305;4.9831;0.0189;88.8957;0.0316;0.1576
-1.89449;113.82151;26.1305;4.9831;0.0189;88.8957;0.0316;0.1576
-1.89449;113.96981;26.1305;4.9831;0.0189;88.8957;0.0316;0.1576
-1.89449;114.11811;26.1832;4.9639;0.0188;88.4401;0.0321;0.1591
-1.89449;114.26641;26.1832;4.9639;0.0188;88.4401;0.0321;0.1591
-1.89449;114.41471;26.1832;4.9639;0.0188;88.4401;0.0321;0.1591
-1.89449;114.56301;26.1234;4.9639;0.0188;88.742;0.0319;0.1583
-1.89449;114.71131;26.1234;4.9639;0.0188;88.742;0.0319;0.1583
-1.89449;114.85961;26.1234;4.9639;0.0188;88.742;0.0319;0.1583
-1.89449;115.00791;25.6622;4.8041;0.0186;89.5349;0.033;0.1585
-1.89449;115.15621;25.6622;4.8041;0.0186;89.5349;0.033;0.1585
-1.89449;115.30451;25.6622;4.8041;0.0186;89.5349;0.033;0.1585
-1.89449;115.45281;25.6622;4.8041;0.0186;89.5349;0.033;0.1585
-1.89449;115.60111;25.2473;4.8041;0.0184;89.9083;0.0345;0.1658
-1.89449;115.74941;25.2473;4.8041;0.0184;89.9083;0.0345;0.1658
-1.89449;115.89771;25.2473;4.8041;0.0184;89.9083;0.0345;0.1658
-1.89449;116.04601;26.0621;4.638;0.0187;88.2795;0.0329;0.1526
-1.89449;116.19431;26.0621;4.638;0.0187;88.2795;0.0329;0.1526
-1.89449;116.34261;26.0621;4.638;0.0187;88.2795;0.0329;0.1526
-1.89449;116.49091;26.0621;4.638;0.0187;88.2795;0.0329;0.1526
-1.89449;116.63921;27.3716;4.638;0.0188;82.5965;0.035;0.1622
-1.89449;116.78751;27.3716;4.638;0.0188;82.5965;0.035;0.1622
-1.89449;116.93581;27.3716;4.638;0.0188;82.5965;0.035;0.1622
-1.89449;117.08411;27.8726;4.9935;0.0188;80.5758;0.0355;0.1775
-1.89449;117.23241;27.8726;4.9935;0.0188;80.5758;0.0355;0.1775
-1.89449;117.38071;27.8726;4.9935;0.0188;80.5758;0.0355;0.1775
-1.89449;117.52901;28.0111;4.9935;0.0189;79.996;0.0357;0.1784
-1.89449;117.67731;28.0111;4.9935;0.0189;79.996;0.0357;0.1784
-1.89449;117.82561;28.0111;4.9935;0.0189;79.996;0.0357;0.1784
-1.89449;117.97391;28.0111;4.9935;0.0189;79.996;0.0357;0.1784
-1.89449;118.12221;28.0497;5.3105;0.0188;79.621;0.0361;0.1917
-1.89449;118.27051;28.0497;5.3105;0.0188;79.621;0.0361;0.1917
-2.04229;112.48681;27.1142;4.9451;0.0183;81.6244;0.0377;0.1866
-2.04229;112.63511;27.3026;4.9451;0.0183;80.8891;0.0379;0.1875
-2.04229;112.78341;27.3026;4.9451;0.0183;80.8891;0.0379;0.1875
-2.04229;112.93171;27.3026;4.9451;0.0183;80.8891;0.0379;0.1875
-2.04229;113.08001;27.2034;4.969;0.0185;81.8771;0.0369;0.1834
-2.04229;113.22831;27.2034;4.969;0.0185;81.8771;0.0369;0.1834
-2.04229;113.37661;27.2034;4.969;0.0185;81.8771;0.0369;0.1834
-2.04229;113.52491;26.5759;4.969;0.0187;85.9898;0.0338;0.168
-2.04229;113.67321;26.5759;4.969;0.0187;85.9898;0.0338;0.168
-2.04229;113.82151;26.5759;4.969;0.0187;85.9898;0.0338;0.168
-2.04229;113.96981;26.5759;4.969;0.0187;85.9898;0.0338;0.168
-2.04229;114.11811;26.4516;4.9695;0.0188;87.2374;0.0325;0.1617
-2.04229;114.26641;26.4516;4.9695;0.0188;87.2374;0.0325;0.1617
-2.04229;114.41471;26.4516;4.9695;0.0188;87.2374;0.0325;0.1617
-2.04229;114.56301;26.3735;4.9695;0.0189;87.81;0.0321;0.1593
-2.04229;114.71131;26.3735;4.9695;0.0189;87.81;0.0321;0.1593
-2.04229;114.85961;26.3735;4.9695;0.0189;87.81;0.0321;0.1593
-2.04229;115.00791;25.8432;4.8021;0.0186;88.5618;0.0336;0.1612
-2.04229;115.15621;25.8432;4.8021;0.0186;88.5618;0.0336;0.1612
-2.04229;115.30451;25.8432;4.8021;0.0186;88.5618;0.0336;0.1612
-2.04229;115.45281;25.8432;4.8021;0.0186;88.5618;0.0336;0.1612
-2.04229;115.60111;25.356;4.8021;0.0183;88.8045;0.0356;0.1711
-2.04229;115.74941;25.356;4.8021;0.0183;88.8045;0.0356;0.1711
-2.04229;115.89771;25.356;4.8021;0.0183;88.8045;0.0356;0.1711
-2.04229;116.04601;26.4013;4.8454;0.0187;86.3979;0.0341;0.165
-2.04229;116.19431;26.4013;4.8454;0.0187;86.3979;0.0341;0.165
-2.04229;116.34261;26.4013;4.8454;0.0187;86.3979;0.0341;0.165
-2.04229;116.49091;26.4013;4.8454;0.0187;86.3979;0.0341;0.165
-2.04229;116.63921;27.5776;4.8454;0.0188;81.6639;0.0354;0.1714
-2.04229;116.78751;27.5776;4.8454;0.0188;81.6639;0.0354;0.1714
-2.04229;116.93581;27.5776;4.8454;0.0188;81.6639;0.0354;0.1714
-2.04229;117.08411;27.9337;5.2205;0.0188;80.2943;0.0357;0.1862
-2.04229;117.23241;27.9337;5.2205;0.0188;80.2943;0.0357;0.1862
-2.04229;117.38071;27.9337;5.2205;0.0188;80.2943;0.0357;0.1862
-2.04229;117.52901;28.007;5.2205;0.0188;79.9522;0.0358;0.187
-2.04229;117.67731;28.007;5.2205;0.0188;79.9522;0.0358;0.187
-2.04229;117.82561;28.007;5.2205;0.0188;79.9522;0.0358;0.187
-2.04229;117.97391;28.007;5.2205;0.0188;79.9522;0.0358;0.187
-2.04229;118.12221;28.0547;5.4808;0.0188;79.3796;0.0364;0.1998
-2.04229;118.27051;28.0547;5.4808;0.0188;79.3796;0.0364;0.1998
-2.19009;112.48681;27.1142;4.9451;0.0183;81.6244;0.0377;0.1866
-2.19009;112.63511;27.3026;4.9451;0.0183;80.8891;0.0379;0.1875
-2.19009;112.78341;27.3026;4.9451;0.0183;80.8891;0.0379;0.1875
-2.19009;112.93171;27.3026;4.9451;0.0183;80.8891;0.0379;0.1875
-2.19009;113.08001;27.2034;4.969;0.0185;81.8771;0.0369;0.1834
-2.19009;113.22831;27.2034;4.969;0.0185;81.8771;0.0369;0.1834
-2.19009;113.37661;27.2034;4.969;0.0185;81.8771;0.0369;0.1834
-2.19009;113.52491;26.5759;4.969;0.0187;85.9898;0.0338;0.168
-2.19009;113.67321;26.5759;4.969;0.0187;85.9898;0.0338;0.168
-2.19009;113.82151;26.5759;4.969;0.0187;85.9898;0.0338;0.168
-2.19009;113.96981;26.5759;4.969;0.0187;85.9898;0.0338;0.168
-2.19009;114.11811;26.4516;4.9695;0.0188;87.2374;0.0325;0.1617
-2.19009;114.26641;26.4516;4.9695;0.0188;87.2374;0.0325;0.1617
-2.19009;114.41471;26.4516;4.9695;0.0188;87.2374;0.0325;0.1617
-2.19009;114.56301;26.3735;4.9695;0.0189;87.81;0.0321;0.1593
-2.19009;114.71131;26.3735;4.9695;0.0189;87.81;0.0321;0.1593
-2.19009;114.85961;26.3735;4.9695;0.0189;87.81;0.0321;0.1593
-2.19009;115.00791;25.8432;4.8021;0.0186;88.5618;0.0336;0.1612
-2.19009;115.15621;25.8432;4.8021;0.0186;88.5618;0.0336;0.1612
-2.19009;115.30451;25.8432;4.8021;0.0186;88.5618;0.0336;0.1612
-2.19009;115.45281;25.8432;4.8021;0.0186;88.5618;0.0336;0.1612
-2.19009;115.60111;25.356;4.8021;0.0183;88.8045;0.0356;0.1711
-2.19009;115.74941;25.356;4.8021;0.0183;88.8045;0.0356;0.1711
-2.19009;115.89771;25.356;4.8021;0.0183;88.8045;0.0356;0.1711
-2.19009;116.04601;26.4013;4.8454;0.0187;86.3979;0.0341;0.165
-2.19009;116.19431;26.4013;4.8454;0.0187;86.3979;0.0341;0.165
-2.19009;116.34261;26.4013;4.8454;0.0187;86.3979;0.0341;0.165
-2.19009;116.49091;26.4013;4.8454;0.0187;86.3979;0.0341;0.165
-2.19009;116.63921;27.5776;4.8454;0.0188;81.6639;0.0354;0.1714
-2.19009;116.78751;27.5776;4.8454;0.0188;81.6639;0.0354;0.1714
-2.19009;116.93581;27.5776;4.8454;0.0188;81.6639;0.0354;0.1714
-2.19009;117.08411;27.9337;5.2205;0.0188;80.2943;0.0357;0.1862
-2.19009;117.23241;27.9337;5.2205;0.0188;80.2943;0.0357;0.1862
-2.19009;117.38071;27.9337;5.2205;0.0188;80.2943;0.0357;0.1862
-2.19009;117.52901;28.007;5.2205;0.0188;79.9522;0.0358;0.187
-2.19009;117.67731;28.007;5.2205;0.0188;79.9522;0.0358;0.187
-2.19009;117.82561;28.007;5.2205;0.0188;79.9522;0.0358;0.187
-2.19009;117.97391;28.007;5.2205;0.0188;79.9522;0.0358;0.187
-2.19009;118.12221;28.0547;5.4808;0.0188;79.3796;0.0364;0.1998
-2.19009;118.27051;28.0547;5.4808;0.0188;79.3796;0.0364;0.1998
-2.33789;112.48681;27.1142;4.9451;0.0183;81.6244;0.0377;0.1866
-2.33789;112.63511;27.3026;4.9451;0.0183;80.8891;0.0379;0.1875
-2.33789;112.78341;27.3026;4.9451;0.0183;80.8891;0.0379;0.1875
-2.33789;112.93171;27.3026;4.9451;0.0183;80.8891;0.0379;0.1875
-2.33789;113.08001;27.2034;4.969;0.0185;81.8771;0.0369;0.1834
-2.33789;113.22831;27.2034;4.969;0.0185;81.8771;0.0369;0.1834
-2.33789;113.37661;27.2034;4.969;0.0185;81.8771;0.0369;0.1834
-2.33789;113.52491;26.5759;4.969;0.0187;85.9898;0.0338;0.168
-2.33789;113.67321;26.5759;4.969;0.0187;85.9898;0.0338;0.168
-2.33789;113.82151;26.5759;4.969;0.0187;85.9898;0.0338;0.168
-2.33789;113.96981;26.5759;4.969;0.0187;85.9898;0.0338;0.168
-2.33789;114.11811;26.4516;4.9695;0.0188;87.2374;0.0325;0.1617
-2.33789;114.26641;26.4516;4.9695;0.0188;87.2374;0.0325;0.1617
-2.33789;114.41471;26.4516;4.9695;0.0188;87.2374;0.0325;0.1617
-2.33789;114.56301;26.3735;4.9695;0.0189;87.81;0.0321;0.1593
-2.33789;114.71131;26.3735;4.9695;0.0189;87.81;0.0321;0.1593
-2.33789;114.85961;26.3735;4.9695;0.0189;87.81;0.0321;0.1593
-2.33789;115.00791;25.8432;4.8021;0.0186;88.5618;0.0336;0.1612
-2.33789;115.15621;25.8432;4.8021;0.0186;88.5618;0.0336;0.1612
-2.33789;115.30451;25.8432;4.8021;0.0186;88.5618;0.0336;0.1612
-2.33789;115.45281;25.8432;4.8021;0.0186;88.5618;0.0336;0.1612
-2.33789;115.60111;25.356;4.8021;0.0183;88.8045;0.0356;0.1711
-2.33789;115.74941;25.356;4.8021;0.0183;88.8045;0.0356;0.1711
-2.33789;115.89771;25.356;4.8021;0.0183;88.8045;0.0356;0.1711
-2.33789;116.04601;26.4013;4.8454;0.0187;86.3979;0.0341;0.165
-2.33789;116.19431;26.4013;4.8454;0.0187;86.3979;0.0341;0.165
-2.33789;116.34261;26.4013;4.8454;0.0187;86.3979;0.0341;0.165
-2.33789;116.49091;26.4013;4.8454;0.0187;86.3979;0.0341;0.165
-2.33789;116.63921;27.5776;4.8454;0.0188;81.6639;0.0354;0.1714
-2.33789;116.78751;27.5776;4.8454;0.0188;81.6639;0.0354;0.1714
-2.33789;116.93581;27.5776;4.8454;0.0188;81.6639;0.0354;0.1714
-2.33789;117.08411;27.9337;5.2205;0.0188;80.2943;0.0357;0.1862
-2.33789;117.23241;27.9337;5.2205;0.0188;80.2943;0.0357;0.1862
-2.33789;117.38071;27.9337;5.2205;0.0188;80.2943;0.0357;0.1862
-2.33789;117.52901;28.007;5.2205;0.0188;79.9522;0.0358;0.187
-2.33789;117.67731;28.007;5.2205;0.0188;79.9522;0.0358;0.187
-2.33789;117.82561;28.007;5.2205;0.0188;79.9522;0.0358;0.187
-2.33789;117.97391;28.007;5.2205;0.0188;79.9522;0.0358;0.187
-2.33789;118.12221;28.0547;5.4808;0.0188;79.3796;0.0364;0.1998
-2.33789;118.27051;28.0547;5.4808;0.0188;79.3796;0.0364;0.1998
0.02691;110.55891;25.8859;4.8848;0.0192;91.1721;0.0294;0.1436
0.02691;110.70721;25.8859;4.8848;0.0192;91.1721;0.0294;0.1436
0.02691;110.85551;25.8859;4.8848;0.0192;91.1721;0.0294;0.1436
0.02691;111.00381;25.9555;4.901;0.0192;91.0352;0.0293;0.1434
0.02691;111.15211;25.9555;4.901;0.0192;91.0352;0.0293;0.1434
0.02691;111.30041;25.9555;4.901;0.0192;91.0352;0.0293;0.1434
0.02691;111.44871;25.9555;4.901;0.0192;91.0352;0.0293;0.1434
0.02691;111.59701;25.964;4.901;0.0192;90.8621;0.0295;0.1444
0.02691;111.74531;25.964;4.901;0.0192;90.8621;0.0295;0.1444
0.02691;111.89361;25.964;4.901;0.0192;90.8621;0.0295;0.1444
0.02691;112.04191;25.5345;4.9717;0.0189;90.948;0.0315;0.1566
0.02691;112.19021;25.5345;4.9717;0.0189;90.948;0.0315;0.1566
0.02691;112.33851;25.5345;4.9717;0.0189;90.948;0.0315;0.1566
0.02691;112.48681;25.5345;4.9717;0.0189;90.948;0.0315;0.1566
0.02691;112.63511;24.7335;4.9717;0.0184;91.1804;0.0351;0.1747
0.02691;112.78341;24.7335;4.9717;0.0184;91.1804;0.0351;0.1747
0.02691;112.93171;24.7335;4.9717;0.0184;91.1804;0.0351;0.1747
0.02691;113.08001;23.8718;4.9055;0.0178;91.4112;0.0391;0.1918
0.02691;113.22831;23.8718;4.9055;0.0178;91.4112;0.0391;0.1918
0.02691;113.37661;23.8718;4.9055;0.0178;91.4112;0.0391;0.1918
0.02691;113.52491;23.5046;4.9055;0.0176;91.6029;0.0406;0.1994
0.02691;113.67321;23.5046;4.9055;0.0176;91.6029;0.0406;0.1994
0.02691;113.82151;23.5046;4.9055;0.0176;91.6029;0.0406;0.1994
0.02691;113.96981;23.5046;4.9055;0.0176;91.6029;0.0406;0.1994
0.02691;114.11811;23.7613;4.9343;0.0178;91.7379;0.0392;0.1932
0.02691;114.26641;23.7613;4.9343;0.0178;91.7379;0.0392;0.1932
0.02691;114.41471;23.7613;4.9343;0.0178;91.7379;0.0392;0.1932
0.02691;114.56301;24.2339;4.9343;0.0181;91.7336;0.0368;0.1816
0.02691;114.71131;24.2339;4.9343;0.0181;91.7336;0.0368;0.1816
0.02691;114.85961;24.2339;4.9343;0.0181;91.7336;0.0368;0.1816
0.02691;115.00791;24.6656;4.9477;0.0184;91.703;0.0347;0.1716
0.02691;115.15621;24.6656;4.9477;0.0184;91.703;0.0347;0.1716
0.02691;115.30451;24.6656;4.9477;0.0184;91.703;0.0347;0.1716
0.02691;115.45281;24.6656;4.9477;0.0184;91.703;0.0347;0.1716
0.02691;115.60111;25.0609;4.9477;0.0186;91.6139;0.0328;0.1625
0.02691;115.74941;25.0609;4.9477;0.0186;91.6139;0.0328;0.1625
0.02691;115.89771;25.0609;4.9477;0.0186;91.6139;0.0328;0.1625
0.02691;116.04601;25.685;5.0838;0.019;91.2345;0.0303;0.154
0.02691;116.19431;25.685;5.0838;0.019;91.2345;0.0303;0.154
0.02691;116.34261;25.685;5.0838;0.019;91.2345;0.0303;0.154
0.09861;116.80591;25.833;5.0838;0.019;91.1308;0.0297;0.1511
0.09861;116.90041;25.833;5.0838;0.019;91.1308;0.0297;0.1511
0.09861;116.99491;25.833;5.0838;0.019;91.1308;0.0297;0.1511
0.09861;117.08941;26.3062;4.7371;0.0189;88.2481;0.0317;0.1503
0.09861;117.18391;26.3062;4.7371;0.0189;88.2481;0.0317;0.1503
0.09861;117.27841;26.3062;4.7371;0.0189;88.2481;0.0317;0.1503
0.09861;117.37291;26.3062;4.7371;0.0189;88.2481;0.0317;0.1503
0.09861;117.46741;26.3062;4.7371;0.0189;88.2481;0.0317;0.1503
0.09861;117.56191;27.1483;4.7371;0.0189;83.8696;0.0342;0.1618
0.09861;117.65641;27.1483;4.7371;0.0189;83.8696;0.0342;0.1618
0.17471;110.55891;25.8859;4.8848;0.0192;91.1721;0.0294;0.1436
0.17471;110.70721;25.8859;4.8848;0.0192;91.1721;0.0294;0.1436
0.17471;110.85551;25.8859;4.8848;0.0192;91.1721;0.0294;0.1436
0.17471;111.00381;25.9555;4.901;0.0192;91.0352;0.0293;0.1434
0.17471;111.15211;25.9555;4.901;0.0192;91.0352;0.0293;0.1434
0.17471;111.30041;25.9555;4.901;0.0192;91.0352;0.0293;0.1434
0.17471;111.44871;25.9555;4.901;0.0192;91.0352;0.0293;0.1434
0.17471;111.59701;25.964;4.901;0.0192;90.8621;0.0295;0.1444
0.17471;111.74531;25.964;4.901;0.0192;90.8621;0.0295;0.1444
0.17471;111.89361;25.964;4.901;0.0192;90.8621;0.0295;0.1444
0.17471;112.04191;25.5345;4.9717;0.0189;90.948;0.0315;0.1566
0.17471;112.19021;25.5345;4.9717;0.0189;90.948;0.0315;0.1566
0.17471;112.33851;25.5345;4.9717;0.0189;90.948;0.0315;0.1566
0.17471;112.48681;25.5345;4.9717;0.0189;90.948;0.0315;0.1566
0.17471;112.63511;24.7335;4.9717;0.0184;91.1804;0.0351;0.1747
0.17471;112.78341;24.7335;4.9717;0.0184;91.1804;0.0351;0.1747
0.17471;112.93171;24.7335;4.9717;0.0184;91.1804;0.0351;0.1747
0.17471;113.08001;23.8718;4.9055;0.0178;91.4112;0.0391;0.1918
0.17471;113.22831;23.8718;4.9055;0.0178;91.4112;0.0391;0.1918
0.17471;113.37661;23.8718;4.9055;0.0178;91.4112;0.0391;0.1918
0.17471;113.52491;23.5046;4.9055;0.0176;91.6029;0.0406;0.1994
0.17471;113.67321;23.5046;4.9055;0.0176;91.6029;0.0406;0.1994
0.17471;113.82151;23.5046;4.9055;0.0176;91.6029;0.0406;0.1994
0.17471;113.96981;23.5046;4.9055;0.0176;91.6029;0.0406;0.1994
0.17471;114.11811;23.7613;4.9343;0.0178;91.7379;0.0392;0.1932
0.17471;114.26641;23.7613;4.9343;0.0178;91.7379;0.0392;0.1932
0.17471;114.41471;23.7613;4.9343;0.0178;91.7379;0.0392;0.1932
0.17471;114.56301;24.2339;4.9343;0.0181;91.7336;0.0368;0.1816
0.17471;114.71131;24.2339;4.9343;0.0181;91.7336;0.0368;0.1816
0.17471;114.85961;24.2339;4.9343;0.0181;91.7336;0.0368;0.1816
0.17471;115.00791;24.6656;4.9477;0.0184;91.703;0.0347;0.1716
0.17471;115.15621;24.6656;4.9477;0.0184;91.703;0.0347;0.1716
0.17471;115.30451;24.6656;4.9477;0.0184;91.703;0.0347;0.1716
0.17471;115.45281;24.6656;4.9477;0.0184;91.703;0.0347;0.1716
0.17471;115.60111;25.0609;4.9477;0.0186;91.6139;0.0328;0.1625
0.17471;115.74941;25.0609;4.9477;0.0186;91.6139;0.0328;0.1625
0.17471;115.89771;25.0609;4.9477;0.0186;91.6139;0.0328;0.1625
0.17471;116.04601;25.685;5.0838;0.019;91.2345;0.0303;0.154
0.17471;116.19431;25.685;5.0838;0.019;91.2345;0.0303;0.154
0.17471;116.34261;25.685;5.0838;0.019;91.2345;0.0303;0.154
0.22591;116.80591;25.833;5.0838;0.019;91.1308;0.0297;0.1511
0.22591;116.90041;25.833;5.0838;0.019;91.1308;0.0297;0.1511
0.22591;116.99491;25.833;5.0838;0.019;91.1308;0.0297;0.1511
0.22591;117.08941;26.3062;4.7371;0.0189;88.2481;0.0317;0.1503
0.22591;117.18391;26.3062;4.7371;0.0189;88.2481;0.0317;0.1503
0.22591;117.27841;26.3062;4.7371;0.0189;88.2481;0.0317;0.1503
0.22591;117.37291;26.3062;4.7371;0.0189;88.2481;0.0317;0.1503
0.22591;117.46741;26.3062;4.7371;0.0189;88.2481;0.0317;0.1503
0.22591;117.56191;27.1483;4.7371;0.0189;83.8696;0.0342;0.1618
0.22591;117.65641;27.1483;4.7371;0.0189;83.8696;0.0342;0.1618
0.32251;110.55891;25.8859;4.8848;0.0192;91.1721;0.0294;0.1436
0.32251;110.70721;25.8859;4.8848;0.0192;91.1721;0.0294;0.1436
0.32251;110.85551;25.8859;4.8848;0.0192;91.1721;0.0294;0.1436
0.32251;111.00381;25.9555;4.901;0.0192;91.0352;0.0293;0.1434
0.32251;111.15211;25.9555;4.901;0.0192;91.0352;0.0293;0.1434
0.32251;111.30041;25.9555;4.901;0.0192;91.0352;0.0293;0.1434
0.32251;111.44871;25.9555;4.901;0.0192;91.0352;0.0293;0.1434
0.32251;111.59701;25.964;4.901;0.0192;90.8621;0.0295;0.1444
0.32251;111.74531;25.964;4.901;0.0192;90.8621;0.0295;0.1444
0.32251;111.89361;25.964;4.901;0.0192;90.8621;0.0295;0.1444
0.32251;112.04191;25.5345;4.9717;0.0189;90.948;0.0315;0.1566
0.32251;112.19021;25.5345;4.9717;0.0189;90.948;0.0315;0.1566
0.32251;112.33851;25.5345;4.9717;0.0189;90.948;0.0315;0.1566
0.32251;112.48681;25.5345;4.9717;0.0189;90.948;0.0315;0.1566
0.32251;112.63511;24.7335;4.9717;0.0184;91.1804;0.0351;0.1747
0.32251;112.78341;24.7335;4.9717;0.0184;91.1804;0.0351;0.1747
0.32251;112.93171;24.7335;4.9717;0.0184;91.1804;0.0351;0.1747
0.32251;113.08001;23.8718;4.9055;0.0178;91.4112;0.0391;0.1918
0.32251;113.22831;23.8718;4.9055;0.0178;91.4112;0.0391;0.1918
0.32251;113.37661;23.8718;4.9055;0.0178;91.4112;0.0391;0.1918
0.32251;113.52491;23.5046;4.9055;0.0176;91.6029;0.0406;0.1994
0.32251;113.67321;23.5046;4.9055;0.0176;91.6029;0.0406;0.1994
0.32251;113.82151;23.5046;4.9055;0.0176;91.6029;0.0406;0.1994
0.32251;113.96981;23.5046;4.9055;0.0176;91.6029;0.0406;0.1994
0.32251;114.11811;23.7613;4.9343;0.0178;91.7379;0.0392;0.1932
0.32251;114.26641;23.7613;4.9343;0.0178;91.7379;0.0392;0.1932
0.32251;114.41471;23.7613;4.9343;0.0178;91.7379;0.0392;0.1932
0.32251;114.56301;24.2339;4.9343;0.0181;91.7336;0.0368;0.1816
0.32251;114.71131;24.2339;4.9343;0.0181;91.7336;0.0368;0.1816
0.32251;114.85961;24.2339;4.9343;0.0181;91.7336;0.0368;0.1816
0.32251;115.00791;24.6656;4.9477;0.0184;91.703;0.0347;0.1716
0.32251;115.15621;24.6656;4.9477;0.0184;91.703;0.0347;0.1716
0.32251;115.30451;24.6656;4.9477;0.0184;91.703;0.0347;0.1716
0.32251;115.45281;24.6656;4.9477;0.0184;91.703;0.0347;0.1716
0.32251;115.60111;25.0609;4.9477;0.0186;91.6139;0.0328;0.1625
0.32251;115.74941;25.0609;4.9477;0.0186;91.6139;0.0328;0.1625
0.32251;115.89771;25.0609;4.9477;0.0186;91.6139;0.0328;0.1625
0.32251;116.04601;25.685;5.0838;0.019;91.2345;0.0303;0.154
0.32251;116.19431;25.685;5.0838;0.019;91.2345;0.0303;0.154
0.32251;116.34261;25.685;5.0838;0.019;91.2345;0.0303;0.154
0.35321;116.80591;25.833;5.0838;0.019;91.1308;0.0297;0.1511
0.35321;116.90041;25.833;5.0838;0.019;91.1308;0.0297;0.1511
0.35321;116.99491;25.833;5.0838;0.019;91.1308;0.0297;0.1511
0.35321;117.08941;26.3062;4.7371;0.0189;88.2481;0.0317;0.1503
0.35321;117.18391;26.3062;4.7371;0.0189;88.2481;0.0317;0.1503
0.35321;117.27841;26.3062;4.7371;0.0189;88.2481;0.0317;0.1503
0.35321;117.37291;26.3062;4.7371;0.0189;88.2481;0.0317;0.1503
0.35321;117.46741;26.3062;4.7371;0.0189;88.2481;0.0317;0.1503
0.35321;117.56191;27.1483;4.7371;0.0189;83.8696;0.0342;0.1618
0.35321;117.65641;27.1483;4.7371;0.0189;83.8696;0.0342;0.1618
0.47031;110.55891;25.8859;4.8848;0.0192;91.1721;0.0294;0.1436
0.47031;110.70721;25.8859;4.8848;0.0192;91.1721;0.0294;0.1436
0.47031;110.85551;25.8859;4.8848;0.0192;91.1721;0.0294;0.1436
0.47031;111.00381;25.9555;4.901;0.0192;91.0352;0.0293;0.1434
0.47031;111.15211;25.9555;4.901;0.0192;91.0352;0.0293;0.1434
0.47031;111.30041;25.9555;4.901;0.0192;91.0352;0.0293;0.1434
0.47031;111.44871;25.9555;4.901;0.0192;91.0352;0.0293;0.1434
0.47031;111.59701;25.964;4.901;0.0192;90.8621;0.0295;0.1444
0.47031;111.74531;25.964;4.901;0.0192;90.8621;0.0295;0.1444
0.47031;111.89361;25.964;4.901;0.0192;90.8621;0.0295;0.1444
0.47031;112.04191;25.5345;4.9717;0.0189;90.948;0.0315;0.1566
0.47031;112.19021;25.5345;4.9717;0.0189;90.948;0.0315;0.1566
0.47031;112.33851;25.5345;4.9717;0.0189;90.948;0.0315;0.1566
0.47031;112.48681;25.5345;4.9717;0.0189;90.948;0.0315;0.1566
0.47031;112.63511;24.7335;4.9717;0.0184;91.1804;0.0351;0.1747
0.47031;112.78341;24.7335;4.9717;0.0184;91.1804;0.0351;0.1747
0.47031;112.93171;24.7335;4.9717;0.0184;91.1804;0.0351;0.1747
0.47031;113.08001;23.8718;4.9055;0.0178;91.4112;0.0391;0.1918
0.47031;113.22831;23.8718;4.9055;0.0178;91.4112;0.0391;0.1918
0.47031;113.37661;23.8718;4.9055;0.0178;91.4112;0.0391;0.1918
0.47031;113.52491;23.5046;4.9055;0.0176;91.6029;0.0406;0.1994
0.47031;113.67321;23.5046;4.9055;0.0176;91.6029;0.0406;0.1994
0.47031;113.82151;23.5046;4.9055;0.0176;91.6029;0.0406;0.1994
0.47031;113.96981;23.5046;4.9055;0.0176;91.6029;0.0406;0.1994
0.47031;114.11811;23.7613;4.9343;0.0178;91.7379;0.0392;0.1932
0.47031;114.26641;23.7613;4.9343;0.0178;91.7379;0.0392;0.1932
0.47031;114.41471;23.7613;4.9343;0.0178;91.7379;0.0392;0.1932
0.47031;114.56301;24.2339;4.9343;0.0181;91.7336;0.0368;0.1816
0.47031;114.71131;24.2339;4.9343;0.0181;91.7336;0.0368;0.1816
0.47031;114.85961;24.2339;4.9343;0.0181;91.7336;0.0368;0.1816
0.47031;115.00791;24.6656;4.9477;0.0184;91.703;0.0347;0.1716
0.47031;115.15621;24.6656;4.9477;0.0184;91.703;0.0347;0.1716
0.47031;115.30451;24.6656;4.9477;0.0184;91.703;0.0347;0.1716
0.47031;115.45281;24.6656;4.9477;0.0184;91.703;0.0347;0.1716
0.47031;115.60111;25.0609;4.9477;0.0186;91.6139;0.0328;0.1625
0.47031;115.74941;25.0609;4.9477;0.0186;91.6139;0.0328;0.1625
0.47031;115.89771;25.0609;4.9477;0.0186;91.6139;0.0328;0.1625
0.47031;116.04601;25.685;5.0838;0.019;91.2345;0.0303;0.154
0.47031;116.19431;25.685;5.0838;0.019;91.2345;0.0303;0.154
0.47031;116.34261;25.685;5.0838;0.019;91.2345;0.0303;0.154
0.48051;116.80591;25.833;5.0838;0.019;91.1308;0.0297;0.1511
0.48051;116.90041;25.833;5.0838;0.019;91.1308;0.0297;0.1511
0.48051;116.99491;25.833;5.0838;0.019;91.1308;0.0297;0.1511
0.48051;117.08941;26.3062;4.7371;0.0189;88.2481;0.0317;0.1503
0.48051;117.18391;26.3062;4.7371;0.0189;88.2481;0.0317;0.1503
0.48051;117.27841;26.3062;4.7371;0.0189;88.2481;0.0317;0.1503
0.48051;117.37291;26.3062;4.7371;0.0189;88.2481;0.0317;0.1503
0.48051;117.46741;26.3062;4.7371;0.0189;88.2481;0.0317;0.1503
0.48051;117.56191;27.1483;4.7371;0.0189;83.8696;0.0342;0.1618
0.48051;117.65641;27.1483;4.7371;0.0189;83.8696;0.0342;0.1618
0.60781;116.80591;25.4598;5.0838;0.0188;91.4376;0.0311;0.1582
0.60781;116.90041;25.4598;5.0838;0.0188;91.4376;0.0311;0.1582
0.60781;116.99491;25.4598;5.0838;0.0188;91.4376;0.0311;0.1582
0.60781;117.08941;25.7341;4.7371;0.0189;90.687;0.0309;0.1463
0.60781;117.18391;25.7341;4.7371;0.0189;90.687;0.0309;0.1463
0.60781;117.27841;25.7341;4.7371;0.0189;90.687;0.0309;0.1463
0.60781;117.37291;25.7341;4.7371;0.0189;90.687;0.0309;0.1463
0.60781;117.46741;25.7341;4.7371;0.0189;90.687;0.0309;0.1463
0.60781;117.56191;26.3204;4.7371;0.0188;87.2427;0.0332;0.1572
0.60781;117.65641;26.3204;4.7371;0.0188;87.2427;0.0332;0.1572
0.61811;110.55891;25.9569;4.8848;0.0191;90.5049;0.03;0.1468
0.61811;110.70721;25.9569;4.8848;0.0191;90.5049;0.03;0.1468
0.61811;110.85551;25.9569;4.8848;0.0191;90.5049;0.03;0.1468
0.61811;111.00381;26.0644;4.901;0.0192;90.3717;0.0297;0.1456
0.61811;111.15211;26.0644;4.901;0.0192;90.3717;0.0297;0.1456
0.61811;111.30041;26.0644;4.901;0.0192;90.3717;0.0297;0.1456
0.61811;111.44871;26.0644;4.901;0.0192;90.3717;0.0297;0.1456
0.61811;111.59701;25.8523;4.901;0.0191;90.8985;0.03;0.1469
0.61811;111.74531;25.8523;4.901;0.0191;90.8985;0.03;0.1469
0.61811;111.89361;25.8523;4.901;0.0191;90.8985;0.03;0.1469
0.61811;112.04191;25.6166;4.9717;0.019;91.0982;0.0308;0.1534
0.61811;112.19021;25.6166;4.9717;0.019;91.0982;0.0308;0.1534
0.61811;112.33851;25.6166;4.9717;0.019;91.0982;0.0308;0.1534
0.61811;112.48681;25.6166;4.9717;0.019;91.0982;0.0308;0.1534
0.61811;112.63511;25.0229;4.9717;0.0186;91.2517;0.0336;0.167
0.61811;112.78341;25.0229;4.9717;0.0186;91.2517;0.0336;0.167
0.61811;112.93171;25.0229;4.9717;0.0186;91.2517;0.0336;0.167
0.61811;113.08001;24.0117;4.9055;0.0179;91.3866;0.0384;0.1886
0.61811;113.22831;24.0117;4.9055;0.0179;91.3866;0.0384;0.1886
0.61811;113.37661;24.0117;4.9055;0.0179;91.3866;0.0384;0.1886
0.61811;113.52491;22.798;4.9055;0.0171;91.3379;0.0446;0.2187
0.61811;113.67321;22.798;4.9055;0.0171;91.3379;0.0446;0.2187
0.61811;113.82151;22.798;4.9055;0.0171;91.3379;0.0446;0.2187
0.61811;113.96981;22.798;4.9055;0.0171;91.3379;0.0446;0.2187
0.61811;114.11811;23.0312;4.9343;0.0173;91.5393;0.0431;0.2127
0.61811;114.26641;23.0312;4.9343;0.0173;91.5393;0.0431;0.2127
0.61811;114.41471;23.0312;4.9343;0.0173;91.5393;0.0431;0.2127
0.61811;114.56301;23.493;4.9343;0.0176;91.6222;0.0407;0.2007
0.61811;114.71131;23.493;4.9343;0.0176;91.6222;0.0407;0.2007
0.61811;114.85961;23.493;4.9343;0.0176;91.6222;0.0407;0.2007
0.61811;115.00791;23.5759;4.9477;0.0176;91.5961;0.0403;0.1994
0.61811;115.15621;23.5759;4.9477;0.0176;91.5961;0.0403;0.1994
0.61811;115.30451;23.5759;4.9477;0.0176;91.5961;0.0403;0.1994
0.61811;115.45281;23.5759;4.9477;0.0176;91.5961;0.0403;0.1994
0.61811;115.60111;23.5376;4.9477;0.0176;91.5527;0.0406;0.2007
0.61811;115.74941;23.5376;4.9477;0.0176;91.5527;0.0406;0.2007
0.61811;115.89771;23.5376;4.9477;0.0176;91.5527;0.0406;0.2007
0.61811;116.04601;24.5014;5.0838;0.0182;91.5702;0.0357;0.1815
0.61811;116.19431;24.5014;5.0838;0.0182;91.5702;0.0357;0.1815
0.61811;116.34261;24.5014;5.0838;0.0182;91.5702;0.0357;0.1815
0.73511;116.80591;25.4598;5.0838;0.0188;91.4376;0.0311;0.1582
0.73511;116.90041;25.4598;5.0838;0.0188;91.4376;0.0311;0.1582
0.73511;116.99491;25.4598;5.0838;0.0188;91.4376;0.0311;0.1582
0.73511;117.08941;25.7341;4.7371;0.0189;90.687;0.0309;0.1463
0.73511;117.18391;25.7341;4.7371;0.0189;90.687;0.0309;0.1463
0.73511;117.27841;25.7341;4.7371;0.0189;90.687;0.0309;0.1463
0.73511;117.37291;25.7341;4.7371;0.0189;90.687;0.0309;0.1463
0.73511;117.46741;25.7341;4.7371;0.0189;90.687;0.0309;0.1463
0.73511;117.56191;26.3204;4.7371;0.0188;87.2427;0.0332;0.1572
0.73511;117.65641;26.3204;4.7371;0.0188;87.2427;0.0332;0.1572
0.76591;110.55891;25.9569;4.8848;0.0191;90.5049;0.03;0.1468
0.76591;110.70721;25.9569;4.8848;0.0191;90.5049;0.03;0.1468
0.76591;110.85551;25.9569;4.8848;0.0191;90.5049;0.03;0.1468
0.76591;111.00381;26.0644;4.901;0.0192;90.3717;0.0297;0.1456
0.76591;111.15211;26.0644;4.901;0.0192;90.3717;0.0297;0.1456
0.76591;111.30041;26.0644;4.901;0.0192;90.3717;0.0297;0.1456
0.76591;111.44871;26.0644;4.901;0.0192;90.3717;0.0297;0.1456
0.76591;111.59701;25.8523;4.901;0.0191;90.8985;0.03;0.1469
0.76591;111.74531;25.8523;4.901;0.0191;90.8985;0.03;0.1469
0.76591;111.89361;25.8523;4.901;0.0191;90.8985;0.03;0.1469
0.76591;112.04191;25.6166;4.9717;0.019;91.0982;0.0308;0.1534
0.76591;112.19021;25.6166;4.9717;0.019;91.0982;0.0308;0.1534
0.76591;112.33851;25.6166;4.9717;0.019;91.0982;0.0308;0.1534
0.76591;112.48681;25.6166;4.9717;0.019;91.0982;0.0308;0.1534
0.76591;112.63511;25.0229;4.9717;0.0186;91.2517;0.0336;0.167
0.76591;112.78341;25.0229;4.9717;0.0186;91.2517;0.0336;0.167
0.76591;112.93171;25.0229;4.9717;0.0186;91.2517;0.0336;0.167
0.76591;113.08001;24.0117;4.9055;0.0179;91.3866;0.0384;0.1886
0.76591;113.22831;24.0117;4.9055;0.0179;91.3866;0.0384;0.1886
0.76591;113.37661;24.0117;4.9055;0.0179;91.3866;0.0384;0.1886
0.76591;113.52491;22.798;4.9055;0.0171;91.3379;0.0446;0.2187
0.76591;113.67321;22.798;4.9055;0.0171;91.3379;0.0446;0.2187
0.76591;113.82151;22.798;4.9055;0.0171;91.3379;0.0446;0.2187
0.76591;113.96981;22.798;4.9055;0.0171;91.3379;0.0446;0.2187
0.76591;114.11811;23.0312;4.9343;0.0173;91.5393;0.0431;0.2127
0.76591;114.26641;23.0312;4.9343;0.0173;91.5393;0.0431;0.2127
0.76591;114.41471;23.0312;4.9343;0.0173;91.5393;0.0431;0.2127
0.76591;114.56301;23.493;4.9343;0.0176;91.6222;0.0407;0.2007
0.76591;114.71131;23.493;4.9343;0.0176;91.6222;0.0407;0.2007
0.76591;114.85961;23.493;4.9343;0.0176;91.6222;0.0407;0.2007
0.76591;115.00791;23.5759;4.9477;0.0176;91.5961;0.0403;0.1994
0.76591;115.15621;23.5759;4.9477;0.0176;91.5961;0.0403;0.1994
0.76591;115.30451;23.5759;4.9477;0.0176;91.5961;0.0403;0.1994
0.76591;115.45281;23.5759;4.9477;0.0176;91.5961;0.0403;0.1994
0.76591;115.60111;23.5376;4.9477;0.0176;91.5527;0.0406;0.2007
0.76591;115.74941;23.5376;4.9477;0.0176;91.5527;0.0406;0.2007
0.76591;115.89771;23.5376;4.9477;0.0176;91.5527;0.0406;0.2007
0.76591;116.04601;24.5014;5.0838;0.0182;91.5702;0.0357;0.1815
0.76591;116.19431;24.5014;5.0838;0.0182;91.5702;0.0357;0.1815
0.76591;116.34261;24.5014;5.0838;0.0182;91.5702;0.0357;0.1815
0.86241;116.80591;25.4598;5.0838;0.0188;91.4376;0.0311;0.1582
0.86241;116.90041;25.4598;5.0838;0.0188;91.4376;0.0311;0.1582
0.86241;116.99491;25.4598;5.0838;0.0188;91.4376;0.0311;0.1582
0.86241;117.08941;25.7341;4.7371;0.0189;90.687;0.0309;0.1463
0.86241;117.18391;25.7341;4.7371;0.0189;90.687;0.0309;0.1463
0.86241;117.27841;25.7341;4.7371;0.0189;90.687;0.0309;0.1463
0.86241;117.37291;25.7341;4.7371;0.0189;90.687;0.0309;0.1463
0.86241;117.46741;25.7341;4.7371;0.0189;90.687;0.0309;0.1463
0.86241;117.56191;26.3204;4.7371;0.0188;87.2427;0.0332;0.1572
0.86241;117.65641;26.3204;4.7371;0.0188;87.2427;0.0332;0.1572
0.98971;116.80591;25.4598;5.0838;0.0188;91.4376;0.0311;0.1582
0.98971;116.90041;25.4598;5.0838;0.0188;91.4376;0.0311;0.1582
0.98971;116.99491;25.4598;5.0838;0.0188;91.4376;0.0311;0.1582
0.98971;117.08941;25.7341;4.7371;0.0189;90.687;0.0309;0.1463
0.98971;117.18391;25.7341;4.7371;0.0189;90.687;0.0309;0.1463
0.98971;117.27841;25.7341;4.7371;0.0189;90.687;0.0309;0.1463
0.98971;117.37291;25.7341;4.7371;0.0189;90.687;0.0309;0.1463
0.98971;117.46741;25.7341;4.7371;0.0189;90.687;0.0309;0.1463
0.98971;117.56191;26.3204;4.7371;0.0188;87.2427;0.0332;0.1572
0.98971;117.65641;26.3204;4.7371;0.0188;87.2427;0.0332;0.1572
1.11701;116.80591;24.7267;4.9419;0.0183;91.2416;0.0351;0.1734
1.11701;116.90041;24.7267;4.9419;0.0183;91.2416;0.0351;0.1734
1.11701;116.99491;24.7267;4.9419;0.0183;91.2416;0.0351;0.1734
1.11701;117.08941;25.14;4.7509;0.0185;90.9967;0.0334;0.1586
1.11701;117.18391;25.14;4.7509;0.0185;90.9967;0.0334;0.1586
1.11701;117.27841;25.14;4.7509;0.0185;90.9967;0.0334;0.1586
1.11701;117.37291;25.14;4.7509;0.0185;90.9967;0.0334;0.1586
1.11701;117.46741;25.14;4.7509;0.0185;90.9967;0.0334;0.1586
1.11701;117.56191;25.6434;4.7509;0.0185;88.464;0.0347;0.1649
1.11701;117.65641;25.6434;4.7509;0.0185;88.464;0.0347;0.1649
1.24431;116.80591;24.7267;4.9419;0.0183;91.2416;0.0351;0.1734
1.24431;116.90041;24.7267;4.9419;0.0183;91.2416;0.0351;0.1734
1.24431;116.99491;24.7267;4.9419;0.0183;91.2416;0.0351;0.1734
1.24431;117.08941;25.14;4.7509;0.0185;90.9967;0.0334;0.1586
1.24431;117.18391;25.14;4.7509;0.0185;90.9967;0.0334;0.1586
1.24431;117.27841;25.14;4.7509;0.0185;90.9967;0.0334;0.1586
1.24431;117.37291;25.14;4.7509;0.0185;90.9967;0.0334;0.1586
1.24431;117.46741;25.14;4.7509;0.0185;90.9967;0.0334;0.1586
1.24431;117.56191;25.6434;4.7509;0.0185;88.464;0.0347;0.1649
1.24431;117.65641;25.6434;4.7509;0.0185;88.464;0.0347;0.1649
1.37161;116.80591;24.7267;4.9419;0.0183;91.2416;0.0351;0.1734
1.37161;116.90041;24.7267;4.9419;0.0183;91.2416;0.0351;0.1734
1.37161;116.99491;24.7267;4.9419;0.0183;91.2416;0.0351;0.1734
1.37161;117.08941;25.14;4.7509;0.0185;90.9967;0.0334;0.1586
1.37161;117.18391;25.14;4.7509;0.0185;90.9967;0.0334;0.1586
1.37161;117.27841;25.14;4.7509;0.0185;90.9967;0.0334;0.1586
1.37161;117.37291;25.14;4.7509;0.0185;90.9967;0.0334;0.1586
1.37161;117.46741;25.14;4.7509;0.0185;90.9967;0.0334;0.1586
1.37161;117.56191;25.6434;4.7509;0.0185;88.464;0.0347;0.1649
1.37161;117.65641;25.6434;4.7509;0.0185;88.464;0.0347;0.1649
1.49891;116.80591;24.7267;4.9419;0.0183;91.2416;0.0351;0.1734
1.49891;116.90041;24.7267;4.9419;0.0183;91.2416;0.0351;0.1734
1.49891;116.99491;24.7267;4.9419;0.0183;91.2416;0.0351;0.1734
1.49891;117.08941;25.14;4.7509;0.0185;90.9967;0.0334;0.1586
1.49891;117.18391;25.14;4.7509;0.0185;90.9967;0.0334;0.1586
1.49891;117.27841;25.14;4.7509;0.0185;90.9967;0.0334;0.1586
1.49891;117.37291;25.14;4.7509;0.0185;90.9967;0.0334;0.1586
1.49891;117.46741;25.14;4.7509;0.0185;90.9967;0.0334;0.1586
1.49891;117.56191;25.6434;4.7509;0.0185;88.464;0.0347;0.1649
1.49891;117.65641;25.6434;4.7509;0.0185;88.464;0.0347;0.1649
1.62621;116.80591;24.2907;4.9419;0.018;91.2331;0.0373;0.1842
1.62621;116.90041;24.2907;4.9419;0.018;91.2331;0.0373;0.1842
1.62621;116.99491;24.2907;4.9419;0.018;91.2331;0.0373;0.1842
1.62621;117.08941;25.0753;4.7509;0.0184;90.5258;0.0344;0.1636
1.62621;117.18391;25.0753;4.7509;0.0184;90.5258;0.0344;0.1636
1.62621;117.27841;25.0753;4.7509;0.0184;90.5258;0.0344;0.1636
1.62621;117.37291;25.0753;4.7509;0.0184;90.5258;0.0344;0.1636
1.62621;117.46741;25.0753;4.7509;0.0184;90.5258;0.0344;0.1636
1.62621;117.56191;25.9408;4.7509;0.0185;87.4001;0.0348;0.1655
1.62621;117.65641;25.9408;4.7509;0.0185;87.4001;0.0348;0.1655
1.75351;116.80591;24.2907;4.9419;0.018;91.2331;0.0373;0.1842
1.75351;116.90041;24.2907;4.9419;0.018;91.2331;0.0373;0.1842
1.75351;116.99491;24.2907;4.9419;0.018;91.2331;0.0373;0.1842
1.75351;117.08941;25.0753;4.7509;0.0184;90.5258;0.0344;0.1636
1.75351;117.18391;25.0753;4.7509;0.0184;90.5258;0.0344;0.1636
1.75351;117.27841;25.0753;4.7509;0.0184;90.5258;0.0344;0.1636
1.75351;117.37291;25.0753;4.7509;0.0184;90.5258;0.0344;0.1636
1.75351;117.46741;25.0753;4.7509;0.0184;90.5258;0.0344;0.1636
1.75351;117.56191;25.9408;4.7509;0.0185;87.4001;0.0348;0.1655
1.75351;117.65641;25.9408;4.7509;0.0185;87.4001;0.0348;0.1655
1.88081;116.80591;24.2907;4.9419;0.018;91.2331;0.0373;0.1842
1.88081;116.90041;24.2907;4.9419;0.018;91.2331;0.0373;0.1842
1.88081;116.99491;24.2907;4.9419;0.018;91.2331;0.0373;0.1842
1.88081;117.08941;25.0753;4.7509;0.0184;90.5258;0.0344;0.1636
1.88081;117.18391;25.0753;4.7509;0.0184;90.5258;0.0344;0.1636
1.88081;117.27841;25.0753;4.7509;0.0184;90.5258;0.0344;0.1636
1.88081;117.37291;25.0753;4.7509;0.0184;90.5258;0.0344;0.1636
1.88081;117.46741;25.0753;4.7509;0.0184;90.5258;0.0344;0.1636
1.88081;117.56191;25.9408;4.7509;0.0185;87.4001;0.0348;0.1655
1.88081;117.65641;25.9408;4.7509;0.0185;87.4001;0.0348;0.1655
2.00811;116.80591;24.5747;4.87;0.0183;91.6712;0.0352;0.1714
2.00811;116.90041;24.5747;4.87;0.0183;91.6712;0.0352;0.1714
2.00811;116.99491;24.5747;4.87;0.0183;91.6712;0.0352;0.1714
2.00811;117.08941;25.4594;4.7063;0.0188;90.7274;0.0322;0.1515
2.00811;117.18391;25.4594;4.7063;0.0188;90.7274;0.0322;0.1515
2.00811;117.27841;25.4594;4.7063;0.0188;90.7274;0.0322;0.1515
2.00811;117.37291;25.4594;4.7063;0.0188;90.7274;0.0322;0.1515
2.00811;117.46741;25.4594;4.7063;0.0188;90.7274;0.0322;0.1515
2.00811;117.56191;26.4242;4.7063;0.0189;87.0959;0.0329;0.1548
2.00811;117.65641;26.4242;4.7063;0.0189;87.0959;0.0329;0.1548
2.13541;116.80591;24.5747;4.87;0.0183;91.6712;0.0352;0.1714
2.13541;116.90041;24.5747;4.87;0.0183;91.6712;0.0352;0.1714
2.13541;116.99491;24.5747;4.87;0.0183;91.6712;0.0352;0.1714
2.13541;117.08941;25.4594;4.7063;0.0188;90.7274;0.0322;0.1515
2.13541;117.18391;25.4594;4.7063;0.0188;90.7274;0.0322;0.1515
2.13541;117.27841;25.4594;4.7063;0.0188;90.7274;0.0322;0.1515
2.13541;117.37291;25.4594;4.7063;0.0188;90.7274;0.0322;0.1515
2.13541;117.46741;25.4594;4.7063;0.0188;90.7274;0.0322;0.1515
2.13541;117.56191;26.4242;4.7063;0.0189;87.0959;0.0329;0.1548
2.13541;117.65641;26.4242;4.7063;0.0189;87.0959;0.0329;0.1548
2.26271;116.80591;24.5747;4.87;0.0183;91.6712;0.0352;0.1714
2.26271;116.90041;24.5747;4.87;0.0183;91.6712;0.0352;0.1714
2.26271;116.99491;24.5747;4.87;0.0183;91.6712;0.0352;0.1714
2.26271;117.08941;25.4594;4.7063;0.0188;90.7274;0.0322;0.1515
2.26271;117.18391;25.4594;4.7063;0.0188;90.7274;0.0322;0.1515
2.26271;117.27841;25.4594;4.7063;0.0188;90.7274;0.0322;0.1515
2.26271;117.37291;25.4594;4.7063;0.0188;90.7274;0.0322;0.1515
2.26271;117.46741;25.4594;4.7063;0.0188;90.7274;0.0322;0.1515
2.26271;117.56191;26.4242;4.7063;0.0189;87.0959;0.0329;0.1548
2.26271;117.65641;26.4242;4.7063;0.0189;87.0959;0.0329;0.1548
2.39001;116.33341;22.6463;4.87;0.0169;91.1258;0.0457;0.2224
2.39001;116.42791;22.6463;4.87;0.0169;91.1258;0.0457;0.2224
2.39001;116.52241;24.5747;4.87;0.0183;91.6712;0.0352;0.1714
2.39001;116.61691;24.5747;4.87;0.0183;91.6712;0.0352;0.1714
2.39001;116.71141;24.5747;4.87;0.0183;91.6712;0.0352;0.1714
2.39001;116.80591;24.5747;4.87;0.0183;91.6712;0.0352;0.1714
2.39001;116.90041;24.5747;4.87;0.0183;91.6712;0.0352;0.1714
2.39001;116.99491;24.5747;4.87;0.0183;91.6712;0.0352;0.1714
2.39001;117.08941;25.4594;4.7063;0.0188;90.7274;0.0322;0.1515
2.39001;117.18391;25.4594;4.7063;0.0188;90.7274;0.0322;0.1515
2.39001;117.27841;25.4594;4.7063;0.0188;90.7274;0.0322;0.1515
2.39001;117.37291;25.4594;4.7063;0.0188;90.7274;0.0322;0.1515
2.39001;117.46741;25.4594;4.7063;0.0188;90.7274;0.0322;0.1515
2.39001;117.56191;26.4242;4.7063;0.0189;87.0959;0.0329;0.1548
2.39001;117.65641;26.4242;4.7063;0.0189;87.0959;0.0329;0.1548
2.51731;116.33341;23.1055;4.87;0.0173;91.601;0.0426;0.2077
2.51731;116.42791;23.1055;4.87;0.0173;91.601;0.0426;0.2077
2.51731;116.52241;24.741;4.87;0.0185;92.158;0.0336;0.1637
2.51731;116.61691;24.741;4.87;0.0185;92.158;0.0336;0.1637
2.51731;116.71141;24.741;4.87;0.0185;92.158;0.0336;0.1637
2.51731;116.80591;24.741;4.87;0.0185;92.158;0.0336;0.1637
2.51731;116.90041;24.741;4.87;0.0185;92.158;0.0336;0.1637
2.51731;116.99491;24.741;4.87;0.0185;92.158;0.0336;0.1637
2.51731;117.08941;25.8322;4.7063;0.0189;89.9422;0.0315;0.1484
2.51731;117.18391;25.8322;4.7063;0.0189;89.9422;0.0315;0.1484
2.64461;116.33341;23.1055;4.87;0.0173;91.601;0.0426;0.2077
2.64461;116.42791;23.1055;4.87;0.0173;91.601;0.0426;0.2077
2.64461;116.52241;24.741;4.87;0.0185;92.158;0.0336;0.1637
2.64461;116.61691;24.741;4.87;0.0185;92.158;0.0336;0.1637
2.64461;116.71141;24.741;4.87;0.0185;92.158;0.0336;0.1637
2.64461;116.80591;24.741;4.87;0.0185;92.158;0.0336;0.1637
2.64461;116.90041;24.741;4.87;0.0185;92.158;0.0336;0.1637
2.64461;116.99491;24.741;4.87;0.0185;92.158;0.0336;0.1637
2.64461;117.08941;25.8322;4.7063;0.0189;89.9422;0.0315;0.1484
2.64461;117.18391;25.8322;4.7063;0.0189;89.9422;0.0315;0.1484
2.77191;116.33341;23.1055;4.87;0.0173;91.601;0.0426;0.2077
2.77191;116.42791;23.1055;4.87;0.0173;91.601;0.0426;0.2077
2.77191;116.52241;24.741;4.87;0.0185;92.158;0.0336;0.1637
2.77191;116.61691;24.741;4.87;0.0185;92.158;0.0336;0.1637
2.77191;116.71141;24.741;4.87;0.0185;92.158;0.0336;0.1637
2.77191;116.80591;24.741;4.87;0.0185;92.158;0.0336;0.1637
2.77191;116.90041;24.741;4.87;0.0185;92.158;0.0336;0.1637
2.77191;116.99491;24.741;4.87;0.0185;92.158;0.0336;0.1637
2.77191;117.08941;25.8322;4.7063;0.0189;89.9422;0.0315;0.1484
2.77191;117.18391;25.8322;4.7063;0.0189;89.9422;0.0315;0.1484
2.89921;116.33341;23.1055;4.87;0.0173;91.601;0.0426;0.2077
2.89921;116.42791;23.1055;4.87;0.0173;91.601;0.0426;0.2077
2.89921;116.52241;24.741;4.87;0.0185;92.158;0.0336;0.1637
2.89921;116.61691;24.741;4.87;0.0185;92.158;0.0336;0.1637
2.89921;116.71141;24.741;4.87;0.0185;92.158;0.0336;0.1637
2.89921;116.80591;24.741;4.87;0.0185;92.158;0.0336;0.1637
2.89921;116.90041;24.741;4.87;0.0185;92.158;0.0336;0.1637
2.89921;116.99491;24.741;4.87;0.0185;92.158;0.0336;0.1637
2.89921;117.08941;25.8322;4.7063;0.0189;89.9422;0.0315;0.1484
2.89921;117.18391;25.8322;4.7063;0.0189;89.9422;0.0315;0.1484
3.02651;116.33341;23.2688;4.4985;0.0175;91.8767;0.0414;0.1863
3.02651;116.42791;23.2688;4.4985;0.0175;91.8767;0.0414;0.1863
3.02651;116.52241;24.8989;4.4985;0.0186;92.0792;0.0329;0.1482
3.02651;116.61691;24.8989;4.4985;0.0186;92.0792;0.0329;0.1482
3.02651;116.71141;24.8989;4.4985;0.0186;92.0792;0.0329;0.1482
3.02651;116.80591;24.8989;4.4985;0.0186;92.0792;0.0329;0.1482
3.02651;116.90041;24.8989;4.4985;0.0186;92.0792;0.0329;0.1482
3.02651;116.99491;24.8989;4.4985;0.0186;92.0792;0.0329;0.1482
3.02651;117.08941;26.5193;5.1175;0.0189;86.6777;0.033;0.1691
3.02651;117.18391;26.5193;5.1175;0.0189;86.6777;0.033;0.1691
3.15381;116.33341;23.2688;4.4985;0.0175;91.8767;0.0414;0.1863
3.15381;116.42791;23.2688;4.4985;0.0175;91.8767;0.0414;0.1863
3.15381;116.52241;24.8989;4.4985;0.0186;92.0792;0.0329;0.1482
3.15381;116.61691;24.8989;4.4985;0.0186;92.0792;0.0329;0.1482
3.15381;116.71141;24.8989;4.4985;0.0186;92.0792;0.0329;0.1482
3.15381;116.80591;24.8989;4.4985;0.0186;92.0792;0.0329;0.1482
3.15381;116.90041;24.8989;4.4985;0.0186;92.0792;0.0329;0.1482
3.15381;116.99491;24.8989;4.4985;0.0186;92.0792;0.0329;0.1482
3.15381;117.08941;26.5193;5.1175;0.0189;86.6777;0.033;0.1691
3.15381;117.18391;26.5193;5.1175;0.0189;86.6777;0.033;0.1691
3.28111;116.33341;23.2688;4.4985;0.0175;91.8767;0.0414;0.1863
3.28111;116.42791;23.2688;4.4985;0.0175;91.8767;0.0414;0.1863
3.28111;116.52241;24.8989;4.4985;0.0186;92.0792;0.0329;0.1482
3.28111;116.61691;24.8989;4.4985;0.0186;92.0792;0.0329;0.1482
3.28111;116.71141;24.8989;4.4985;0.0186;92.0792;0.0329;0.1482
3.28111;116.80591;24.8989;4.4985;0.0186;92.0792;0.0329;0.1482
3.28111;116.90041;24.8989;4.4985;0.0186;92.0792;0.0329;0.1482
3.28111;116.99491;24.8989;4.4985;0.0186;92.0792;0.0329;0.1482
3.28111;117.08941;26.5193;5.1175;0.0189;86.6777;0.033;0.1691
3.28111;117.18391;26.5193;5.1175;0.0189;86.6777;0.033;0.1691
3.40841;116.33341;23.2688;4.4985;0.0175;91.8767;0.0414;0.1863
3.40841;116.42791;23.2688;4.4985;0.0175;91.8767;0.0414;0.1863
3.40841;116.52241;24.8989;4.4985;0.0186;92.0792;0.0329;0.1482
3.40841;116.61691;24.8989;4.4985;0.0186;92.0792;0.0329;0.1482
3.40841;116.71141;24.8989;4.4985;0.0186;92.0792;0.0329;0.1482
3.40841;116.80591;24.8989;4.4985;0.0186;92.0792;0.0329;0.1482
3.40841;116.90041;24.8989;4.4985;0.0186;92.0792;0.0329;0.1482
3.40841;116.99491;24.8989;4.4985;0.0186;92.0792;0.0329;0.1482
3.40841;117.08941;26.5193;5.1175;0.0189;86.6777;0.033;0.1691
3.40841;117.18391;26.5193;5.1175;0.0189;86.6777;0.033;0.1691
3.53571;116.33341;23.0593;4.4985;0.0173;91.672;0.0428;0.1924
3.53571;116.42791;23.0593;4.4985;0.0173;91.672;0.0428;0.1924
3.53571;116.52241;24.895;4.4985;0.0185;91.7256;0.0335;0.1507
3.53571;116.61691;24.895;4.4985;0.0185;91.7256;0.0335;0.1507
3.53571;116.71141;24.895;4.4985;0.0185;91.7256;0.0335;0.1507
3.53571;116.80591;24.895;4.4985;0.0185;91.7256;0.0335;0.1507
3.53571;116.90041;24.895;4.4985;0.0185;91.7256;0.0335;0.1507
3.53571;116.99491;24.895;4.4985;0.0185;91.7256;0.0335;0.1507
3.53571;117.08941;26.6004;5.1175;0.0189;86.2775;0.0332;0.1702
3.53571;117.18391;26.6004;5.1175;0.0189;86.2775;0.0332;0.1702
3.66301;116.33341;23.0593;4.4985;0.0173;91.672;0.0428;0.1924
3.66301;116.42791;23.0593;4.4985;0.0173;91.672;0.0428;0.1924
3.66301;116.52241;24.895;4.4985;0.0185;91.7256;0.0335;0.1507
3.66301;116.61691;24.895;4.4985;0.0185;91.7256;0.0335;0.1507
3.66301;116.71141;24.895;4.4985;0.0185;91.7256;0.0335;0.1507
3.66301;116.80591;24.895;4.4985;0.0185;91.7256;0.0335;0.1507
3.66301;116.90041;24.895;4.4985;0.0185;91.7256;0.0335;0.1507
3.66301;116.99491;24.895;4.4985;0.0185;91.7256;0.0335;0.1507
3.66301;117.08941;26.6004;5.1175;0.0189;86.2775;0.0332;0.1702
3.66301;117.18391;26.6004;5.1175;0.0189;86.2775;0.0332;0.1702
3.79031;116.33341;23.0593;4.4985;0.0173;91.672;0.0428;0.1924
3.79031;116.42791;23.0593;4.4985;0.0173;91.672;0.0428;0.1924
3.79031;116.52241;24.895;4.4985;0.0185;91.7256;0.0335;0.1507
3.79031;116.61691;24.895;4.4985;0.0185;91.7256;0.0335;0.1507
3.79031;116.71141;24.895;4.4985;0.0185;91.7256;0.0335;0.1507
3.79031;116.80591;24.895;4.4985;0.0185;91.7256;0.0335;0.1507
3.79031;116.90041;24.895;4.4985;0.0185;91.7256;0.0335;0.1507
3.79031;116.99491;24.895;4.4985;0.0185;91.7256;0.0335;0.1507
3.79031;117.08941;26.6004;5.1175;0.0189;86.2775;0.0332;0.1702
3.79031;117.18391;26.6004;5.1175;0.0189;86.2775;0.0332;0.1702
3.91761;116.33341;23.0593;4.4985;0.0173;91.672;0.0428;0.1924
3.91761;116.42791;23.0593;4.4985;0.0173;91.672;0.0428;0.1924
3.91761;116.52241;24.895;4.4985;0.0185;91.7256;0.0335;0.1507
3.91761;116.61691;24.895;4.4985;0.0185;91.7256;0.0335;0.1507
3.91761;116.71141;24.895;4.4985;0.0185;91.7256;0.0335;0.1507
3.91761;116.80591;24.895;4.4985;0.0185;91.7256;0.0335;0.1507
3.91761;116.90041;24.895;4.4985;0.0185;91.7256;0.0335;0.1507
3.91761;116.99491;24.895;4.4985;0.0185;91.7256;0.0335;0.1507
3.91761;117.08941;26.6004;5.1175;0.0189;86.2775;0.0332;0.1702
3.91761;117.18391;26.6004;5.1175;0.0189;86.2775;0.0332;0.1702
4.04491;116.33341;22.7918;4.4438;0.017;91.0792;0.045;0.2
4.04491;116.42791;22.7918;4.4438;0.017;91.0792;0.045;0.2
4.04491;116.52241;24.0673;4.4438;0.018;91.551;0.0379;0.1685
4.04491;116.61691;24.0673;4.4438;0.018;91.551;0.0379;0.1685
4.04491;116.71141;24.0673;4.4438;0.018;91.551;0.0379;0.1685
4.04491;116.80591;24.0673;4.4438;0.018;91.551;0.0379;0.1685
4.04491;116.90041;24.0673;4.4438;0.018;91.551;0.0379;0.1685
4.04491;116.99491;24.0673;4.4438;0.018;91.551;0.0379;0.1685
4.04491;117.08941;25.3922;5.0104;0.0186;89.5886;0.0343;0.1717
4.04491;117.18391;25.3922;5.0104;0.0186;89.5886;0.0343;0.1717
4.17221;116.33341;22.7918;4.4438;0.017;91.0792;0.045;0.2
4.17221;116.42791;22.7918;4.4438;0.017;91.0792;0.045;0.2
4.17221;116.52241;24.0673;4.4438;0.018;91.551;0.0379;0.1685
4.17221;116.61691;24.0673;4.4438;0.018;91.551;0.0379;0.1685
4.17221;116.71141;24.0673;4.4438;0.018;91.551;0.0379;0.1685
4.17221;116.80591;24.0673;4.4438;0.018;91.551;0.0379;0.1685
4.17221;116.90041;24.0673;4.4438;0.018;91.551;0.0379;0.1685
4.17221;116.99491;24.0673;4.4438;0.018;91.551;0.0379;0.1685
4.17221;117.08941;25.3922;5.0104;0.0186;89.5886;0.0343;0.1717
4.17221;117.18391;25.3922;5.0104;0.0186;89.5886;0.0343;0.1717
4.29951;116.33341;22.7918;4.4438;0.017;91.0792;0.045;0.2
4.29951;116.42791;22.7918;4.4438;0.017;91.0792;0.045;0.2
4.29951;116.52241;24.0673;4.4438;0.018;91.551;0.0379;0.1685
4.29951;116.61691;24.0673;4.4438;0.018;91.551;0.0379;0.1685
4.29951;116.71141;24.0673;4.4438;0.018;91.551;0.0379;0.1685
4.29951;116.80591;24.0673;4.4438;0.018;91.551;0.0379;0.1685
4.29951;116.90041;24.0673;4.4438;0.018;91.551;0.0379;0.1685
4.29951;116.99491;24.0673;4.4438;0.018;91.551;0.0379;0.1685
4.29951;117.08941;25.3922;5.0104;0.0186;89.5886;0.0343;0.1717
4.29951;117.18391;25.3922;5.0104;0.0186;89.5886;0.0343;0.1717
